ID,Contributor,Language_ID,Language_Name,BibTexKey,Filename,MetadataComments,PhoibleID,ClosestNeighbor
1,Einav Levanon,abau1245,,bailey1975abau,,,,
2,Elad Eisen,abui1241,,kratochvil2007abui,,,,
3,Einav Levanon,abun1252,,berry1999abun,,,,
4,Einav Levanon,achi1257,,asyik1987achinese,,,,
5,NA,agua1253,,overall2017aguaruna,,,,
6,Einav Levanon,musa1266,,daniels2015sogeram,,,,
7,NA,akaj1239,,abbi2013greatandamanese,,,,
8,Elad Eisen,aleu1260,,bergsland1997aleut,,,,
9,KurdistanDB,alqo1238,,coghill2004alqosh,,,,
10,Einav Levanon,amap1240,,aarsjo1999ama,,,,
13,Einav Levanon,wara1294,,dohler2016komnzo,,,,
14,KurdistanDB,arbe1239,,khan1999arbel,,,,
15,Elad Eisen,stan1288,,honsa1965argentinianspanish,,glottocode is for Standard Spanish,,
16,Einav Levanon,asil1242,,collins2003asilulu,,,,
17,Steven Moran,awiy1238,,Bees1965,auy_SPA1979_phon.pdf,,57,
18,Elad Eisen,bafu1246,,tamanji2009bafut,,,,
19,Eitan Grossman,bamb1262,,ahland2009bambassi,,,,
20,Dmitry Nikolaev,bash1264,,poppe1964bashkir,,,,
21,Steven Moran,basq1248,,"Ndiaye1970,Gavel1929",eus_SPA1979_phon.pdf,,179,
22,KurdistanDB,bazz1238,,mutzafi2000maha_khtaya,,,,
23,Dmitry Nikolaev,bela1254,,mayo1993belorussian,,,,
24,Steven Moran,beng1280,,FergusonChowdhury1960,ben_SPA1979_phon.pdf,,177,
25,KurdistanDB,beta1257,,mutzafi2008betanure,,,,
26,Dmitry Nikolaev,bett1235,,coelho2003bettakurumba,,,,
27,Elad Eisen,biak1248,,heuvel2006biak,,,,
28,Einav Levanon,bier1244,,budd2010bierebo,,,,
29,KurdistanDB,boht1238,,fox2009bohtan,,,,
30,Steven Moran,bret1244,,Ternes1970,bre_SPA1979_phon.pdf,,157,
31,Steven Moran,bulg1262,,"Aronson1968,Klagstad1958",bul_SPA1979_phon.pdf,,167,
32,Eitan Grossman,nucl1310,,wheatley2003burmese,,,,
33,Steven Moran,buru1296,,Morgenstierne1945,bsk_SPA1979_phon.pdf,,6,
34,David Ginebra,cahu1264,,seiler1977cahuilla,,,,
35,Dmitry Nikolaev,cast1244,,"martinez2003castilian, frias2001spanish",,,,
36,NA,cent2142,,hardman2001aymara,,,,
37,Steven Moran,cent2050,,Lukas1937,knc_SPA1979_phon.pdf,,150,
38,KurdistanDB,azer1255,,schoenig2015azerbaijanian,,,,
39,KurdistanDB,lish1247,,fassberg2010challa,,,,
40,Elad Eisen,cher1273,,montgomery2008cherokee,,,,
41,Eitan Grossman,chil1281,,galloway1977chilliwack,,,,
42,Eitan Grossman,chim1300,,jimenez2014chimalapazoque,,,,
43,Steven Moran,chiq1250,,PikePike1947,maq_SPA1979_phon.pdf,,99,
44,Eitan Grossman,chol1282,,vasquez2011chol,,,,
45,Eitan Grossman,chol1284,,adelaar2004cholon,,,,
47,Dmitry Nikolaev,chuv1255,,"clark1998chuvash, Kruger1961,Andreev1966",,,,
48,Eitan Grossman,coat1238,,elson1992mixezoque,,,,
49,Einav Levanon,coco1260,,adelaar1996cocosmalay,,,,
50,Steven Moran,copa1236,,Wonderly1951,zoc_SPA1979_phon.pdf,,83,
51,Eitan Grossman,copt1239,,layton2011coptic,,,,
52,NA,crow1244,,graczyk2007crow,,,,
54,NA,cupe1243,,hill2005cupeno,,,,
55,Eitan Grossman,daur1238,,tsumagari2003dagur,,,,
56,Dmitry Nikolaev,dame1241,,"bashir2007dardic, morgenstierne1942dameli",,,,
57,KurdistanDB,diml1238,,todd2003dimili,,,,
58,Einav Levanon,duka1248,,desousa2006menggwa,,,,
59,Einav Levanon,dusn1237,,dalrymple2012dusner,,,,
60,Einav Levanon,east2440,,bowden2001taba,,,,
61,Steven Moran,nucl1235,,Allen1950,hye_SPA1979_phon.pdf,,171,
62,Einav Levanon,east2495,,gossner1998easternedolo,,,,
63,Steven Moran,east2328,,Ristinen1960,mhr_SPA1979_phon.pdf,,181,
64,Steven Moran,east2542,,Bloomfield1957,ojg_SPA1979_phon.pdf,,72,
65,Steven Moran,panj1256,,GillGleason1963,pan_SPA1979_phon.pdf,,175,
66,Steven Moran,egyp1253,,"Mitchell1962,Tomiche1964,Kennedy1960",arz_SPA1979_phon.pdf,,132,
67,Steven Moran,stan1293,,"OConner1973,Gimson1962,Halle1973,Fudge1975,Trnka1968",eng_SPA1979_phon.pdf,,160,
68,Dmitry Nikolaev,esto1258,,"hebedova2013estonian, asu2009estonian",,,,
69,Steven Moran,even1260,,Novikova1960,eve_SPA1979_phon.pdf,,192,
70,Elad Eisen,ewee1241,,pasch1995ewe,,,,
71,Lotta Jalava,finn1318,,hakulinen2004finnish,,,,
72,Lotta Jalava,fore1274,,salminen2007forestnenets,,,,
74,Einav Levanon,gant1244,,daniels2015sogeram,,,,
75,Steven Moran,garo1247,,Burling1961,grt_SPA1979_phon.pdf,,24,
76,KurdistanDB,gawh1238,,stilo2004vafsi,,,,
77,NA,gayo1244,,eades2005gayo,,,,
78,Steven Moran,nucl1302,,"RobinsWaterson1952,Selmer1935,Tschenkeli1958,Vogt1938,Vogt1939,Vogt1958,Vogt1971",kat_SPA1979_phon.pdf,,5,
79,Elad Eisen,stan1295,,wiese1996german,,,,
80,Dmitry Nikolaev,gran1245,,"bashir2007dardic, grjunberg1971grangali_zemiaki",,,,
81,Einav Levanon,gras1249,,dutton2003koiari,,,,
83,Eitan Grossman,guer1243,,steward2000guerreroamuzgo,,,,
86,KurdistanDB,hert1242,,jastrow1988hertevin,,,,
87,Linda Konnerth,karb1241,,konnerth2014karbi,,,,
89,Eitan Grossman,hueh1236,,kung2007tepehua,,,,
90,Steven Moran,hung1274,,"Kalman1972,Banhidi_etal1965,Hall1938,Hall1944",hun_SPA1979_phon.pdf,,183,
91,Steven Moran,hupa1239,,"Golla1970,Woodward1964",hup_SPA1979_phon.pdf,,65,
92,Steven Moran,igna1246,,OttOtt1967,ign_SPA1979_phon.pdf,,111,
93,Steven Moran,iris1253,,"Fhailigh1968,Florence1970",gle_SPA1979_phon.pdf,,156,
94,Elad Eisen,itza1241,,hofling2000itzajmaya,,,,
95,Eitan Grossman,jams1239,,heath2008jamsay,heath2008jamsay.pdf,,,
96,Elad Eisen,nucl1643,,labrune2012japanese,,,,
97,Rammie Cahlon,jauj1238,,wroughton1996jaujaquechua,,,,
98,KurdistanDB,jilu1238,,fox1997jilu,,,,
99,Steven Moran,kaba1278,,Kuipers1960,kbd_SPA1979_phon.pdf,,4,
100,Elad Eisen,kaby1243,,kossmann2013kabyle,,,,
101,Eitan Grossman,kala1399,,fortescue1984kalallisuut,,,,
102,Dmitry Nikolaev,kala1374,,"bashir2007dardic, baart1995kalam, baart1997kalam",,,,
103,Einav Levanon,kaur1271,,auri1991kaure,,,,
104,Eitan Grossman,kawa1283,,zigmond1990kawaiisu,,,,
105,Chingduang Yurayong,kaza1248,,"kirchner1998kazakhkarakalpak, mccollum2018kazakh",,,,
106,Dmitry Nikolaev,nort2672,,kaksin2007kazym_khanty,,,,
107,Steven Moran,khan1273,,"Gulya1966,Steinitz1950,Katz1975",kca_SPA1979_phon.pdf,,184,
108,Einav Levanon,kend1254,,adelaar2005salako,,,,
109,Eitan Grossman,kham1281,,janhunen2003khamniganmongol,,,,
110,Eitan Grossman,khit1238,,lowe1999nambiquara,,,,
111,NA,khva1239,,khalilova2009khwarshi,,,,
112,KurdistanDB,nort3142,,jastrow2006anatolianarabic,,,,
113,Einav Levanon,kipu1237,,blust2003short,,,,
114,Einav Levanon,koki1244,,bradshaw2012koki,,,,
115,Einav Levanon,kome1238,,abdurrahman1979komering,,,,
116,Dmitry Nikolaev,komi1269,,majshev1940komi_permjak,,,,
117,Dmitry Nikolaev,komi1277,,lytkin1961komi_yazva,,,,
118,Dmitry Nikolaev,komi1268,,lytkin1955komi,,,,
119,Einav Levanon,kona1242,,aarsjo2016konai,,,,
120,Einav Levanon,kora1295,,farr1974korafe,,,,
122,KurdistanDB,koys1241,,mutzafi2004koysanjaq,,,,
123,Eitan Grossman,koyr1240,,heath1999koyrachiini,,,,
125,Rammie Cahlon,culi1244,,dienst2014kulina,,,,
126,Steven Moran,kuru1302,,"Pinnow1964,Pfeiffer1972,Grignard1924",kru_SPA1979_phon.pdf,,7,
127,Eitan Grossman,kute1249,,morgan1991kutenai,,,,
128,Steven Moran,lahu1253,,Matisoff1973,lhu_SPA1979_phon.pdf,,23,
129,Eitan Grossman,lavu1241,,terrill2011lavukaleve,,,,
130,Dmitry Nikolaev,lith1251,,balode2001lithuanian,,,,
131,NA,logb1245,,dorvlo2008logba,,,,
132,Einav Levanon,louu1245,,blust1998lou,,,,
133,Steven Moran,luok1236,,Gregersen1961,luo_SPA1979_phon.pdf,,153,
134,Einav Levanon,nucl1460,,davies2010madurese,,,,
135,Einav Levanon,maka1317,,correia2011makasae,,,,
136,NA,makl1245,,huber2011makalero,,,,
137,NA,mamm1241,,england1983mam,,,,
138,Elad Eisen,mamb1294,,anonby2011mambay,,,,
139,NA,mana1298,,aikhenvald2010manambu,,,,
140,Einav Levanon,payn1244,,daniels2015sogeram,,,,
141,KurdistanDB,nucl1706,,haeberl2015neomandaic,,,,
142,NA,mang1381,,merlan1989mangarayi,,,,
143,Eitan Grossman,mapu1245,,adelaar2004andes,,,,
144,Steven Moran,marg1265,,Hoffmann1963,mrt_SPA1979_phon.pdf,,126,
145,Einav Levanon,mauw1238,,berghall2015mauwake,,,,
146,Einav Levanon,maib1239,,dol2007maybrat,,,,
147,Einav Levanon,mehe1243,,hatfield2016mehek,,,,
148,Steven Moran,mezq1235,,BlightEunice1976,ote_SPA1979_phon.pdf,,97,
149,Einav Levanon,mian1256,,fedden2007mian,,,,
150,Einav Levanon,miga1241,,migabac2005mcevoy,,,,
151,KurdistanDB,mlah1239,,jastrow2011turoyomlahso,,,,
152,Elad Eisen,hebr1245,,schwarzwald2011modernhebrew,,,,
153,Eitan Grossman,mong1330,,skribnik2003buryat,,,,
154,Elad Eisen,mong1331,,svantesson2005mongolian,,,,
156,Einav Levanon,mudu1242,,bachet2006muduapa,,,,
157,Dmitry Nikolaev,munj1244,,williamson2017munji,,,,
158,NA,musq1240,,suttles2004musqueam,,,,
159,Einav Levanon,muss1246,,brownie2007mussau,,,,
160,Einav Levanon,sout2857,,dimock2009nahavaq,,,,
161,Einav Levanon,naka1262,,chowning2016nakanai,,,,
162,Steven Moran,nama1265,,Beach1938,naq_SPA1979_phon.pdf,,155,
163,Steven Moran,nava1243,,SapirHoijer1967,nav_SPA1979_phon.pdf,,66,
164,Dmitry Nikolaev,naxi1245,,michailovsky2006naxi,,,,
165,Einav Levanon,ngka1235,,carroll2016ngkolmpu,,,,
166,Eitan Grossman,nhan1238,,blevins2001nhanda,,,,
167,Einav Levanon,nucl1633,,"may1997nimboran, anceaux2013nimboran",,,,
168,Dmitry Nikolaev,noga1249,,"csato1998noghay, baskakov1996noghay",,,,
169,Steven Moran,nort2697,,HouseholderLofti1965,aze_SPA1979_phon.pdf,,187,
170,Daria Zhornik,mans1258,,"rombandejeva1989mansi, rombandejeva1973mansi, zhornik2019mansi",,,,
172,Eitan Grossman,bamb1262,,ahland2012bambassi,,,,
173,Steven Moran,nuuc1236,,"SapirMorris1939,SapirMorris1955,Jacobsen1969",noo_SPA1979_phon.pdf,,70,
174,Eitan Grossman,ocot1243,,alexander1988ocotepecmixtec,,,,
175,Eitan Grossman,ocot1242,,faarlund2012chiapaszoque,,,,
176,Dmitry Nikolaev,kalm1243,,"blasing2003kalmyk, say2009kalmyk",,,,
177,Einav Levanon,oira1263,,faust2006oirata,,,,
178,Eitan Grossman,olut1240,,zavala2000olutec,,,,
179,Steven Moran,paez1247,,gerdel1973paez,,,102,
180,Eitan Grossman,paiw1248,,"ferrell1982paiwan, chang2006paiwan",,,,
181,Steven Moran,para1311,,"GregoresSuarez1967,Lunt1973,Uldall1956",gug_SPA1979_phon.pdf,,119,
182,Einav Levanon,pina1252,,melliger2003pinai,,,,
183,Eitan Grossman,pipi1250,,campbell1985pipil,,,,
184,Steven Moran,pure1242,,Foster1969,tsz_SPA1979_phon.pdf,,87,
185,KurdistanDB,chal1275,,khan2002qaraqosh,,,,
186,Eitan Grossman,quil1240,,powell1976quileute,,"originally 1974, check in pdfs?",,
187,Eitan Grossman,rama1270,,grinevald1990rama,,,,
188,Einav Levanon,rian1263,,choi2015riantana,,,,
189,Steven Moran,saba1265,,Clayre1973,snv_SPA1979_phon.pdf,,34,
190,Chingduang Yurayong,saek1240,,gedney1993saek,,,,
191,Steven Moran,yaku1245,,"Krueger1962,Bohtlingk1964",sah_SPA1979_phon.pdf,,190,
192,Elad Eisen,sanm1295,,macaulay1996chalcatongomixtec,,,,
193,KurdistanDB,sana1291,,khan2009sanandaj,,,,
194,Elad Eisen,sand1270,,wei2008sandong,,,,
195,KurdistanDB,saqi1238,,israeli1998saqiz,,,,
196,Elad Eisen,savo1255,,wegener2012savosavo,,,,
197,Einav Levanon,sawe1240,,donohue2002saweru,,,,
198,KurdistanDB,nort3139,,werner2000hatay,,,,
199,Dmitry Nikolaev,shix1238,,chirkova2013xumi,,,,
200,Dmitry Nikolaev,shor1247,,donidze1996shor,,,,
201,Steven Moran,sinh1246,,CoatesSilva1960,sin_SPA1979_phon.pdf,,178,
202,Dmitry Nikolaev,skol1241,,feist2010skolt_saami,,,,
203,Einav Levanon,nucl1634,,donohue2004skou,,,,
204,Dmitry Nikolaev,slav1254,,breu2000slavomolisano,,,,
205,Dmitry Nikolaev,sooo1254,,migliazza1998so,,,,
206,NA,soch1239,,foris1993sochiapamchinantec,,,,
207,Elad Eisen,sodd1242,,leslau1992soddo,,,,
208,Antti Laine,soma1255,,saeed1999somali,,,,
209,Steven Moran,sout2991,,"Bills_etal1969,Lastra1968,Lastra1968,Parker1969",quh_SPA1979_phon.pdf,,104,
210,Steven Moran,sout2982,,Moshinsky1974,pom_SPA1979_phon.pdf,,89,
211,Steven Moran,sout2961,,Trager1971,tix_SPA1979_phon.pdf,,92,
212,Elad Eisen,sout2750,,maslova2003kolymayukaghir,,,,
213,NA,sril1245,,nordhoff2009srilankamalay,,,,
214,Steven Moran,stan1306,,"Verguin1967,MacdonaldSoenyono1967",zsm_SPA1979_phon.pdf,,32,
215,Einav Levanon,suab1238,,devries2004inanwatan,,,,
216,KurdistanDB,sule1243,,khan2004sulemaniyya,,,,
217,Elad Eisen,sout2808,,ndebele1959ziervogel,,,,
218,Dmitry Nikolaev,sumi1235,,teo2012sumi,,,,
220,Steven Moran,taba1266,,Keller1959,chf_SPA1979_phon.pdf,,85,
221,Dmitry Nikolaev,tabr1242,,mokari2017azerbaijani,,,,
222,Elad Eisen,tafi1243,,bobuafor2013tafi,,,,
223,Elad Eisen,taga1270,,schachter1983tagalog,,,,
224,Einav Levanon,taki1251,,debusser2009takivatan,,,,
225,Rammie Cahlon,tapi1253,,gonzalez2005tapiete,,,,
226,Elad Eisen,tari1256,,aikhenvald2003tariana,,,,
227,Dmitry Nikolaev,tata1255,,comrie1997tatar,,,,
228,Dmitry Nikolaev,taus1251,,soderberg2012tausug,,,,
229,Elad Eisen,tauy1241,,macdonald2011tauya,,,,
230,Steven Moran,tele1256,,Healey1964,tlf_SPA1979_phon.pdf,,55,
231,Elad Eisen,telu1262,,"krishnamurti1985telugu, bhaskararao2017telugu",,,,
232,Einav Levanon,thao1240,,blust2003thao,,,,
233,Steven Moran,ticu1245,,"Anderson1959,Anderson1962",tca_SPA1979_phon.pdf,,115,
234,Eitan Grossman,kumi1248,,miller1990jamultipai,,,,
235,Eitan Grossman,tlac1235,,watters1988tlachichilcotepehua,,,,
236,Einav Levanon,tond1251,,brickell2014tondano,,,,
237,Eitan Grossman,toto1305,,elson1992mixezoque,,,,
238,Eitan Grossman,jeme1245,,yumitani1998jemeztowa,,,,
239,Elad Eisen,tsha1245,,andvik2010tshangla,,,,
240,Elad Eisen,ttgr1237,,leslau1992gurage,,,,
241,Steven Moran,tuni1252,,Haas1941,tun_SPA1979_phon.pdf,,80,
242,Dmitry Nikolaev,turk1303,,doerfer1988khalaj,,,,
243,Elad Eisen,nucl1301,,kornfilt1997turkish,,,,
244,KurdistanDB,turk1304,,hoey2013turkmen,,,,
245,KurdistanDB,turo1239,,jastrow2011turoyomlahso,,,,
246,Eitan Grossman,tzut1248,,tzutujil1981dayley,,,,
247,Steven Moran,tzel1254,,Kaufman1971,tzh_SPA1979_phon.pdf,,86,
248,Dmitry Nikolaev,udmu1245,,perevoschikov1962udmurt,,,,
249,NA,ughe1237,,frostad2013ughele,,,,
250,NA,uigh1240,,"hahn1998uyghur, hahn2006uyghur",,,,
251,Chingduang Yurayong,ukra1253,,shevelov1993ukrainian,,,,
252,KurdistanDB,umra1238,,hobrack2000umraya,,,,
253,NA,urar1246,,olawsky2006urarina,,,,
254,Dmitry Nikolaev,uzbe1247,,boeschoten1998uzbek,,,,
255,KurdistanDB,vafs1240,,stilo2004vafsi,,,,
256,Steven Moran,waim1255,,StolteStolte1971,mlt_SPA1979_phon.pdf,,114,
257,Einav Levanon,wano1243,,burung2007wano,,,,
258,Einav Levanon,want1252,,dangepnana2012wantoat,,,,
259,Einav Levanon,wara1302,,corris2005warapu,,,,
260,Elad Eisen,wels1247,,awbery2012welsh,,,,
261,Einav Levanon,west2548,,chlenova2008westdamar,,,,
262,Daria Zhornik,west2392,,alhoniemi1993mari,,,,
263,Einav Levanon,wita1237,,andersen1999witaea,,,,
264,Heini Arjava,wutu1241,,sandman2016wutun,,,,
265,Eitan Grossman,yane1238,,adelaar2007yanesha,,,,
266,Einav Levanon,yima1243,,foley1991yimas,,,,
267,KurdistanDB,gura1251,,mahmoudveysi2013zardagorani,,,,
268,Steven Moran,chuv1255,,"Kruger1961,Andreev1966",chv_SPA1979_phon.pdf,,189,
269,Steven Moran,ewee1241,,"Stahlke1970,Berry1951,Ansre1961,Ladefoged1964",ewe_SPA1979_phon.pdf,,142,
270,Steven Moran,finn1318,,"Lehtinen1964,Harms1964,Austerlitz1967,Hammarberg1974,Kiparsky1968,Harms1966",fin_SPA1979_phon.pdf,,180,
271,Steven Moran,nucl1643,,"Bloch1950,Martin1952,Jorden1963",jpn_SPA1979_phon.pdf,,197,
272,Steven Moran,halh1238,,"Hangin1968,Luvsanvandan1964,Street1963",khk_SPA1979_phon.pdf,,191,
273,Steven Moran,hind1269,,"Kelkar1968,VermeerSharma1966,Pinnow1953,Srivastava1969",hin_SPA1979_phon.pdf,,176,
274,Steven Moran,komi1268,,"Lytkin1966,Bubrich1949",kpv_SPA1979_phon.pdf,,182,
275,Steven Moran,lith1251,,"Senn1966,Augustitis1964,Ambrazas_etal1966",lit_SPA1979_phon.pdf,,168,
276,Steven Moran,aleu1260,,"Bergsland1956,Bergsland1959,Menovshchikov1968,Jakobson1944",ale_SPA1979_phon.pdf,,61,
277,Rammie Cahlon,mapu1245,,smeets2008mapudungun,,,,
278,Steven Moran,mapu1245,,EcheverriaContreras1965,arn_SPA1979_phon.pdf,,106,
279,Steven Moran,sanm1295,,HunterPike1969,mig_SPA1979_phon.pdf,,100,
281,Steven Moran,hebr1245,,"Chayen1973,CohenZafrani1968",heb_SPA1979_phon.pdf,,135,
283,Steven Moran,taga1270,,"SchachterOtanes1972,Bloomfield1917",tgl_SPA1979_phon.pdf,,37,
284,Steven Moran,nucl1301,,"Swift1963,Lees1961,Underhill1976",tur_SPA1979_phon.pdf,,186,
285,Eitan Grossman,assa1263,,mahanta2012assamese,,,,
286,Konstantin Filatov,kwaz1243,,vandervoort2004kwaza,,,,
287,Vasilisa Zhigulskaya,slov1269,,hanulikova2010slovak,,,,
289,NA,high1276,,dejong2009sierrapopoluca,,,,
290,NA,sout2672,,lamuwal2013southeastpashayi,,,,
291,Ezequiel Koile,wich1264,,1984_Avram2008,1984_Avram2008.pdf,,1984,
294,Pavel Duryagin,basq1248,,hualde2010goizuetabasque,,,,
295,Dasha Bikina,huam1247,,pena2015huambisa,http://linguistics.berkeley.edu/~saphon/en/inv/Huambisa.html,,1948,
297,Ruslan Idrisov,moks1248,,bondarko1993mordvin,,,,
298,Ruslan Idrisov,erzy1239,,bondarko1993mordvin,,,,
299,Polina Pleshak,awac1239,,curnow1997awapit,,,,
300,Vasilisa Zhigulskaya,tami1289,,keane2004tamil,,,,
301,Eitan Grossman,belh1239,,bickel2003belhare,,,,
302,Eitan Grossman,bond1245,,fernandez1968remo,,,,
303,Eitan Grossman,czec1258,,dankovicova1997czech,,,,
304,Eitan Grossman,chra1242,,thomas1971chrau,,,,
305,Eitan Grossman,stan1290,,Sten1963,fra_SPA1979_phon.pdf,,162,
306,Eitan Grossman,friu1240,,miotti2002friulian,,,,
307,Eitan Grossman,guja1253,,losey2002gujari,,,,
308,Vanya Levin,mose1249,,sakel2004moseten,,,,
309,Daniel Wilson,osse1243,,hettich2002ossetian,,,,
310,Nikita Kuzin,qelt1235,,abuhaidar1991baghdadchristianarabic,,,,
311,Polina Pleshak,ukaa1243,,abiodun1999ukaan,,,,
312,Vanya Levin,tuvi1240,,harrison2000tuvan,,,,
313,Aigul Zakirova,nene1249,,nikolaeva2014tundranenets,,,,
314,Pavel Duryagin,russ1263,,galinskaya2009russian,,,,
315,Ezequiel Koile,moco1246,,grondona1998mocovi,,,,
316,Vanya Levin,kute1248,,koops1990kuteb,,,,
317,Anna Sorokina,halh1238,,svantesson2005mongolian,,,,
318,Dmitry Nikolaev,caml1239,,ebert1997,,,,
319,Dmitry Nikolaev,galo1242,,post2007galo,,,,
320,Elad Eisen,copi1238,,gowlett2003copi,xho_Gowlett2003.pdf,,1318,
321,Elad Eisen,idom1241,,1536_idu,idu_Blench2010.pdf,,1536,
322,Elad Eisen,nucl1440,,1565_mls,mls_Edgar1989.pdf,,1565,
323,Elad Eisen,nubi1253,,kcn_wellens2003,kcn_wellens2003_phon.pdf,,967,
324,Elad Eisen,wage1238,,cook1987wagiman,,Data from Erich Round,,
325,Elad Eisen,waal1238,,crowley1978bandjalang,,Data from Erich Round,,
326,Elad Eisen,umbu1235,,davies1989umbugarla,,Data from Erich Round,,
327,Elad Eisen,badi1246,,dunn1988badimaya,,Data from Erich Round,,
328,Elad Eisen,gune1238,,evans2003bininjgunwok,,Data from Erich Round,,
329,Elad Eisen,wand1263,,heath1980warndarang,,Data from Erich Round,,
330,Elad Eisen,madh1244,,hercus1986madhimadhi,,Data from Erich Round,,
331,Elad Eisen,jami1236,,schultzeberndt2000jaminjung,,Data from Erich Round,,
332,Elad Eisen,iwai1244,,teo2007iwaidjanmaung,,Data from Erich Round,,
333,Elad Eisen,anin1240,,vanegmond2012enindhilyakwa,,Data from Erich Round,,
334,Elad Eisen,murr1259,,mansfield2014murrinhpatha,,Data from Erich Round,,
335,Elad Eisen,djin1253,,waters1988djinang,,Data from Erich Round,,
336,Elad Eisen,arab1267,,hercus1994arabana,,Data from Erich Round,,
337,Elad Eisen,umpi1239,,ogrady1988umpila,,Data from Erich Round,,
338,Elad Eisen,gugu1254,,black1999kokobere,,Data from Erich Round,,
339,Elad Eisen,nyam1271,,burgman2007nyamal,,Data from Erich Round,,
340,Elad Eisen,maun1240,,singer2015mawng,,Data from Erich Round,,
342,Elad Eisen,yala1262,,breennodateyalarnnga,,Data from Erich Round,,
343,Elad Eisen,kitj1240,,blythe2001kija,,Data from Erich Round,,
344,Elad Eisen,kart1247,,ogrady1988kartujarra,,Data from Erich Round,,
345,Elad Eisen,yayg1236,,morelli2012yaygir,,"Data from Erich Round, ask Eric by mail",,
346,Elad Eisen,koyr1242,,1274_songhay_heath1999,,,1274,
347,Elad Eisen,heib1243,,1497_hbn,hbn_Guest1997.pdf,,1497,
348,Elad Eisen,uppe1455,,1553_pov,pov_Kihm1994.pdf,,1553,
349,Elad Eisen,luch1239,,lch_fleisch2000,lch_fleisch2000_phon.pdf,,928,
351,Elad Eisen,lagw1237,,1406_kot,kot_Ruff2005.pdf,,1406,
354,Elad Eisen,kuwa1246,,1549_cwt,cwt_Payne1992.pdf,,1549,
355,Elad Eisen,tach1250,,shi_ridouane2014,shi_ridouane2014.pdf,,2229,
357,Elad Eisen,bike1242,,biw_begne1979,biw_begne1979_phon.pdf,Coordinations are of Kol (Cameroon),1102,
358,Elad Eisen,lega1249,,botne2003lega,lea_Botne2003.pdf,,1259,
359,Elad Eisen,food1238,,1310_foodo,foodo.pdf,,1310,
360,Elad Eisen,mawa1270,,1378_mcw,mcw_Roberts2009.pdf,,1378,
361,Elad Eisen,bagi1246,,1469_bmi,bmi_Stevenson1969.pdf,,1469,
362,Elad Eisen,arbo1245,,1525_arv,arv_Hayward1984.pdf,,1525,
364,Einav Levanon,abua1245,,nekitel1985abu,,,,
365,Einav Levanon,agut1237,,quakenbushetal2010agutaynen,,,,
366,Einav Levanon,akla1241,,delacruzzorc1968aklanon,,,,
367,Einav Levanon,akoy1238,,whitney1991akoye,,,,
368,Einav Levanon,alor1247,,klamer2011alorese,,,,
369,Einav Levanon,amar1273,,edwards2016amarasi,,,,
370,Einav Levanon,ambo1250,,vanminde1997malayu,,,,
371,Einav Levanon,anem1249,,"thurston1976anem, thurston1982anem",,,,
372,Einav Levanon,apma1240,,schneider2010abma,,,,
373,Einav Levanon,aral1243,,mckenzie1991aralletabulahan,,,,
374,Einav Levanon,atay1247,,rau1992atayal,,,,
375,Einav Levanon,awar1248,,quigley2003awara,,,,
376,Einav Levanon,baik1238,,hull2001baikeno,,,,
377,Einav Levanon,bala1315,,vandenberg2012balantak,,,,
378,Einav Levanon,balu1257,,schokkin2014paluai,,,,
379,Einav Levanon,bata1293,,woollams1996karobatak,,,,
380,Einav Levanon,beka1241,,sudarsono2002riukbekati,,,,
381,Einav Levanon,blag1240,,steinhauer2014blagar,,,,
382,Einav Levanon,bobo1255,,mead2001bobongko,,,,
383,Einav Levanon,boto1242,,yamashita1992botolansambal,,,,
384,Einav Levanon,bugi1244,,"samsuri1965buginese, sirk1983buginese",,,,
385,Einav Levanon,buli1255,,maan1951buli,,,,
386,Einav Levanon,buna1278,,schapper2009bunak,,,,
387,Einav Levanon,buru1303,,grimes1991buru,,,,
388,Einav Levanon,cent2087,,mattes2014bikol,,,,
389,Einav Levanon,cent2100,,price2007bundudusun,,,,
390,Einav Levanon,cent2101,,blust1988melanau,,,,
391,Einav Levanon,cham1312,,topping1973chamorro,,,,
392,Einav Levanon,chek1238,,white1988cheke,,,,
393,Einav Levanon,ciac1237,,vandenberg1991ciacia,,,,
394,Einav Levanon,daak1235,,barr1988daakaili,,,,
395,Einav Levanon,dehu1237,,tryon1968dehu,,,,
396,Einav Levanon,domm1246,,tida2006dom,,,,
397,Einav Levanon,dumb1241,,shintani1990dumbea,,,,
398,Einav Levanon,ende1246,,mcdonnell2009ende,,,,
399,Einav Levanon,fiji1243,,milner1972fijian,,,,
400,Einav Levanon,foii1241,,rule1993foi,,,,
401,Einav Levanon,ford1242,,marshall2000fordata,,,,
402,Einav Levanon,gadd1244,,calimag1967gaddang,,,,
403,Einav Levanon,galo1243,,penn2006galoli,,,,
404,Einav Levanon,helo1243,,steinhauer1996metathesis,,,,
405,Einav Levanon,hili1240,,spitz2001hiligaynon,,,,
406,Einav Levanon,hiww1237,,franccois2010hiw,,,,
407,Einav Levanon,idaa1241,,moody1993idaan,,,,
408,Einav Levanon,ilok1237,,rubino1997iloko,,,,
409,Einav Levanon,indo1317,,verheijen1986bajau,,,,
410,Einav Levanon,inon1237,,vandenheuvel1997inonhan,,,,
411,Einav Levanon,irar1238,,matsumura1991irarutu,,,,
412,Einav Levanon,ivat1242,,yamada2002itbayat,,,,
413,Einav Levanon,jamb1236,,yanti2010jambimalay,,,,
414,Einav Levanon,java1254,,sumukti1971javanese,,,,
415,Einav Levanon,kaga1255,,wendel1978kagankalagan,,,,
416,Einav Levanon,kaga1256,,harmon1977kagayanen,,,,
417,Einav Levanon,kamb1299,,klamer1998kambera,,,,
418,Einav Levanon,kana1286,,tsuchida1975tsouic,,,,
419,Einav Levanon,kapr1245,,sumbuk1999kapriman,,,,
420,Einav Levanon,kemb1249,,connell2013mateq,,,,
421,Einav Levanon,keri1250,,mckinnon2011kerinci,,,,
422,Einav Levanon,komo1261,,fernandez1989komodo,,,,
423,Einav Levanon,kove1237,,sato2013kove,,,,
424,Einav Levanon,kupa1239,,steinhauer1983kupangmalay,,,,
425,Einav Levanon,laiy1246,,laidig1999barang,,,,
426,Einav Levanon,lala1268,,"ross2002lala, symonds1989lala",,,,
427,Einav Levanon,lama1277,,kroon2016lamaholot,,,,
428,Einav Levanon,lamp1242,,matanggui1984lampungnyo,,,,
429,Einav Levanon,lamp1243,,walker1976lampungapi,,,,
430,Einav Levanon,lari1255,,laidig1995larike,,,,
431,Einav Levanon,leti1246,,engelenhoven2004leti,,,,
432,Einav Levanon,lewo1244,,nagaya2012lamaholot,,,,
433,Einav Levanon,lund1271,,blust2016kelabit,,,,
434,Einav Levanon,maka1311,,jukes2006makasar,,,,
435,Einav Levanon,mama1276,,matti1991mamasa,,,,
436,Einav Levanon,mans1262,,svelmoe1974mansaka,,,,
437,Einav Levanon,mara1404,,lobel2011maranao,,,,
438,Einav Levanon,mati1250,,wang2006matigsalug,,,,
439,Einav Levanon,maya1282,,vanderleeden1987misoolsalawatimaya,,,,
440,Einav Levanon,mini1251,,vandermark2007minigir,,,,
441,Einav Levanon,molb1237,,thiessen1980molbog,,,,
442,Einav Levanon,mort1237,,odango2015mortlockese,,,,
443,Einav Levanon,muna1247,,vandenberg1989muna,,,,
444,Einav Levanon,nali1244,,volker1994nalik,,,,
445,Einav Levanon,nang1262,,vaa2013engdewu,,,,
446,Einav Levanon,napu1241,,hanna1991napu,,,,
447,Einav Levanon,naue1237,,veloso2016nauete,,,,
448,Einav Levanon,neng1238,,tryon1967nengone,,,,
449,Einav Levanon,nese1235,,takau2016nese,,,,
450,Einav Levanon,nucl1454,,jones1986yawa,,,,
451,Einav Levanon,nucl1594,,"peckham1991mairasi, peckham2000mairasi",,,,
452,Einav Levanon,pagu1249,,"wimbish1991pagu, wimbish1992pagu",,,,
453,Einav Levanon,pala1344,,josephs1975palauan,,,,
454,Einav Levanon,pamp1243,,forman1971kapampangan,,,,
455,Einav Levanon,pang1290,,benton1971pangasinan,,,,
456,Einav Levanon,papu1250,,kluge2017papuanmalay,,,,
457,Einav Levanon,patt1249,,tadmor1995pattanimalay,,,,
458,Einav Levanon,pend1242,,quick2008pendau,,,,
459,Einav Levanon,pile1238,,naess2011vaeakau,,,,
460,Einav Levanon,puka1242,,salisbury2002pukapuka,,,,
461,Einav Levanon,rata1244,,himmelmann1999ratahan,,,,
462,Einav Levanon,ruka1240,,zeitoun2007rukai,,,,
463,Einav Levanon,saar1237,,pan2012saaroa,,,,
464,Einav Levanon,sahu1245,,visser1987sahu,,,,
465,Einav Levanon,samo1305,,"hunkin2009samoan, mosel1992samoan",,,,
466,Einav Levanon,sawi1256,,kratochvil2014sawila,,,,
467,Einav Levanon,sela1259,,coward2000selaru,,,,
468,Einav Levanon,siwa1245,,onishi1994motuna,,,,
469,Einav Levanon,sout2883,,steinhauer2009babar,,,,
470,Einav Levanon,sumb1241,,hayami1995sumbawa,,,,
471,Einav Levanon,sund1252,,muller2001sundanese,,,,
472,Einav Levanon,tagb1258,,hussey1965tagbanwa,,,,
473,Einav Levanon,taji1246,,mayani2013tajio,,,,
474,Einav Levanon,teop1238,,mosel2007teop,,,,
475,Einav Levanon,tetu1245,,vanklinken1999fehan,,,,
476,Einav Levanon,tetu1246,,williams2002tetun,,,,
477,Einav Levanon,tido1248,,vanstaderi2000tidore,,,,
478,Einav Levanon,timu1262,,prentice1971murut,,,,
479,Einav Levanon,tiri1258,,osumi1995tirimea,,,,
480,Einav Levanon,toab1237,,lichtenberk2008toqabaqita,,,,
481,Einav Levanon,tobe1252,,holton2003tobelo,,,,
482,Einav Levanon,tobi1239,,tobisa2010tobilung,,,,
483,Einav Levanon,tsou1248,,tsuchida1975tsouic,,,,
484,Einav Levanon,tuam1242,,kuki1970tuamotuan,,,,
485,Einav Levanon,tugu1245,,hinton1991tugun,,,,
486,Einav Levanon,tuka1248,,donohue1999tukangbesi,,,,
487,Einav Levanon,unua1237,,pearce2015unua,,,,
488,Einav Levanon,urak1238,,steinhauer2008urak,,,,
489,Einav Levanon,vinm1237,,musgrave2007neveei,,,,
490,Einav Levanon,vure1239,,malau2016vures,,,,
491,Einav Levanon,waim1252,,hull2002waimaha,,,,
492,Einav Levanon,wamb1259,,vries1992wambon,,,,
493,Einav Levanon,wand1267,,gasser2014windesi,,,,
494,Einav Levanon,west2600,,voorhoeve1982westmakian,,,,
495,Einav Levanon,woli1241,,vandenberg2008wolio,,,,
496,Einav Levanon,wotu1240,,mead2013wotu,,,,
497,Einav Levanon,wutu1244,,marmion2010wutung,,,,
498,Einav Levanon,yabe1254,,"ross2002yabem, ross1993tonogenesis",,,,
499,Einav Levanon,yape1248,,jensen1977yapese,,,,
500,Einav Levanon,yaum1237,,sarvasy2017nungon,,,,
501,Einav Levanon,yuag1237,,schooling1992yuanga,,,,
502,David Ginebra,curr1243,,granadillo2006curripaco,,,,
503,David Ginebra,chim1302,,beukema1975chimborazoquichua,,,,
504,David Ginebra,sala1272,,mazaquiza2008salascaquechua,,,,
505,Elad Eisen,east2652,,1552_hae,hae_Owens1985.pdf,,1552,
506,Elad Eisen,furu1242,,fuu_boyeldieu2000,fuu_boyeldieu2000_phon.pdf,,878,
507,Elad Eisen,mach1266,,1283_jmc_kiwoso,jmc_kiwoso.PDF,,1283,
508,Elad Eisen,argo1244,,1396_hertzon,agj_Hudson1997.pdf,,1396,
509,Elad Eisen,bamb1269,,"1496_beledugu_bam,1496_bam_green2010",bam_green2010.pdf,,1496,
510,Elad Eisen,mori1278,,1569_mfe,mfe_Baker1972.pdf,,1569,
511,David Ginebra,berb1259,,kouwenberg1994berbicedutch,,,,
512,David Ginebra,huam1248,,weber1983huallagaquechua,,,,
513,Elad Eisen,siam1242,,1627_Haas_sif,Haas_sif.pdf,,1627,
514,Elad Eisen,sumb1240,,1639_Kahigi_suw,Kahigi_suw.PDF,,1639,
515,Elad Eisen,amha1245,,amh_hayward1992,amh_hayward1992.pdf,,2156,
516,Elad Eisen,awng1244,,1542_awngi_2010,Hetzron1969.png,,234,
517,Elad Eisen,chum1261,,Hartell1993,ncu_Hartell1993_phon.pdf,,686,
518,David Ginebra,cavi1250,,guillaume2004cavinena,,,,
519,David Ginebra,cham1318,,parker1991chamicuro,,,,
520,David Ginebra,kari1301,,tobler1983karipuna,,,,
521,David Ginebra,kano1245,,bacelar2004kanoe,,,,
522,David Ginebra,mund1330,,picanco2005munduruku,,,,
523,David Ginebra,huay1240,,levengood1982huaylasquechua,,,,
524,David Ginebra,toba1269,,klein1973toba,,,,
525,Einav Levanon,rapa1244,,kieviet2017rapanui,,,,
526,David Ginebra,abip1241,,najlis1966abipon,,,,
527,David Ginebra,apal1257,,koehn1986apalai,,,,
528,David Ginebra,apin1244,,albuquerque2007apinaye,,,,
529,David Ginebra,ashe1272,,mihas2010asheninkaperene,,,,
530,Elad Eisen,swah1253,,tucker1946swahili,,,,
533,Dmitry Nikolaev,arch1244,,kibrik1977archi,,,,
535,Dmitry Nikolaev,duru1236,,burrowbhattacharya1953parji,,,,
536,Dmitry Nikolaev,mara1378,,dhongadewali2009marathi,,,,
537,Dmitry Nikolaev,moro1292,,"cohen2017moroccanarabic,Harrell1962,Abdel-Massih1973,Harrell1965",ary_SPA1979_phon.pdf,"Unlike the SPA doculect with the same phonemes, this one lists the source language (Standard French).",133,
538,Dmitry Nikolaev,mait1255,,kashyap2014bajjika,,The borrowing language (Bajjika) was previously considered a dialect of Maithili and has no glottocode or ISO code of its own.,,
539,Dmitry Nikolaev,kana1281,,dwivedikar2016kanauji,,,,
540,Dmitry Nikolaev,puma1239,,sharma2013puma,,,,
542,Yoav Yosef,pash1269,,tegeyrobson1996pashto,,"The grammar states that this consonant appears in loan words from Persian and Arabic, but not only those two languages.",,
549,Yoav Yosef,urdu1245,,masica1993indoaryan,,,,
550,Yoav Yosef,hind1269,,masica1993indoaryan,,,,
551,Daniil Levin,dutc1256,,"peters2006dutch, verhoeven2005dutch",,,,
552,Haggai Kovatch,yalu1240,,lupke2005jalonke,,,,
554,Yael Assouline,koya1253,,creissels1988koyaga,,the status of /z/ might have been affected by the introduction of loan words into the Koyaga language.,,
555,Haggai Kovatch,baga1272,,ganong1998bagasitem,,,,
556,Haggai Kovatch,adam1253,,"taylor1953adamawafulani,stennes1967adamawafulani",,"Taylor uses non-standard phonological orthography and compares the language to English. This might need to be checked.  

Stennes, page 14 (bottom) there's a note on borrowing consonant clusters.",,
557,David Ginebra,bare1276,,aikhenald1995bare,,,,
558,Dmitry Nikolaev,lamb1269,,oranskaya2011lambadi,,,,
559,Dmitry Nikolaev,saur1248,,smith2011saurashtra,,,,
562,David Ginebra,baur1253,,danielsen2007baure,,,,
563,David Ginebra,cabi1241,,reinoso2009kawiyari,,,,
564,David Ginebra,nort2980,,adelaar1977tarma,,"Should we consider this grammar as two different doculects? Glottolog doesn't do so, but for our project it would be definatelly clearer, because sometimes the same sound is borrowed in one dialect but not in the other or sometimes it is a new phoneme in one dialect but a distrubutional change in the other.",,
565,Haggai Kovatch,libe1240,,singler1981liberianenglish,,,,
566,Yuval Sarig,bank1256,,atindogbe1996bankon,,,,
569,Yuval Sarig,wehh1238,,davison2009weh,,,,
572,Yuval Sarig,lele1266,,vydrin2009lele,,,,
573,Haggai Kovatch,zulu1248,,crothers1979zulu,,,,
574,Haggai Kovatch,fuli1240,,vanotterloo2011fuliiru,,,,
