ID,Name,Macroarea,Latitude,Longitude,Glottocode,ISO639P3code,family_id,parent_id,bookkeeping,level,status,description,markup_description,child_family_count,child_language_count,child_dialect_count,country_ids
abau1245,Abau,,-3.97222,141.324,abau1245,aau,sepi1257,sepi1257,False,language,definitely endangered,,,0,0,0,PG
abip1241,Abipon,,-29.0,-61.0,abip1241,axb,guai1249,guai1250,False,language,extinct,,,0,0,0,AR
abua1245,Abu' Arapesh,,-3.461612,142.917031,abua1245,aah,nucl1708,buki1250,False,language,definitely endangered,,,0,0,0,PG
abui1241,Abui,,-8.31058,124.588,abui1241,abz,timo1261,alor1250,False,language,definitely endangered,,,0,0,3,ID
abun1252,Abun,,-0.57073,132.416,abun1252,kgr,,,False,language,definitely endangered,,,0,0,3,ID
achi1257,Achinese,,3.90757,96.6032,achi1257,ace,aust1307,cham1327,False,language,vulnerable,,,0,0,7,ID
adam1253,Adamawa Fulfulde,,8.140326,13.077338,adam1253,fub,atla1278,adam1260,False,language,safe,,,0,0,6,CM ER ET NG SD TD
agua1253,Aguaruna,,-5.30044,-77.9218,agua1253,agr,jiva1245,jiva1245,False,language,vulnerable,,,0,0,0,PE
agut1237,Agutaynen,,10.5328,119.655,agut1237,agn,aust1307,kala1389,False,language,safe,,,0,0,0,PH
akaj1239,Aka-Jeru,,13.1525,92.9504,akaj1239,akj,grea1241,jeru1239,False,language,critically endangered,,,0,0,1,IN
akla1241,Aklanon,,11.5543,122.354,akla1241,akl,aust1307,akla1240,False,language,safe,,,0,0,0,PH
akoy1238,Akoye,,-7.66067,145.669,akoy1238,miw,anga1289,tain1255,False,language,definitely endangered,,,0,0,0,PG
aleu1260,Aleut,,52.1228,-174.29,aleu1260,ale,eski1264,eski1264,False,language,definitely endangered,,,0,0,2,RU US
alor1247,Alorese,,-8.20382,124.264,alor1247,aol,aust1307,lama1293,False,language,safe,,,0,0,0,ID
alqo1238,Alqosh,,,,alqo1238,,afro1255,chal1275,False,dialect,safe,,,0,0,0,
amap1240,Ama (Papua New Guinea),,-4.20192,141.658,amap1240,amm,left1242,nucl1244,False,language,vulnerable,,,0,0,0,PG
amar1273,Amarasi,,-10.21751,123.96373,amar1273,aaz,aust1307,uabm1238,False,language,vulnerable,,,0,0,4,ID
ambo1250,Ambonese Malay,,-3.71342,128.184,ambo1250,abs,aust1307,ambo1253,False,language,safe,,,0,0,1,ID
amha1245,Amharic,,11.708182,39.543456,amha1245,amh,afro1255,amha1244,False,language,safe,,,0,0,0,DJ ET
anem1249,Anem,,-5.54836,148.993,anem1249,anz,,,False,language,definitely endangered,,,0,0,0,PG
anin1240,Anindilyakwa,,-13.99904,136.6415,anin1240,aoi,gunw1250,wubu1239,False,language,definitely endangered,,,0,0,0,AU
apal1257,Apalaí,,1.49792,-54.7457,apal1257,apy,cari1283,cari1283,False,language,definitely endangered,,,0,0,0,BR
apin1244,Apinayé,,-6.10774,-47.6315,apin1244,apn,nucl1710,core1264,False,language,definitely endangered,,,0,0,0,BR
apma1240,Apma,,-15.8559,168.189,apma1240,app,aust1307,sout3188,False,language,safe,,,0,0,5,VU
arab1267,Arabana,,-28.705,135.449,arab1267,ard,pama1250,arab1266,False,language,extinct,,,0,0,0,AU
aral1243,Aralle-Tabulahan,,-2.78397,119.319,aral1243,atq,aust1307,mata1312,False,language,safe,,,0,0,3,ID
arbe1239,Arbel,,,,arbe1239,,afro1255,west2766,False,dialect,safe,,,0,0,0,
arbo1245,Arbore,,4.92183,36.7986,arbo1245,arv,afro1255,west2723,False,language,definitely endangered,,,0,0,0,ET
arch1244,Archi,,42.3239,46.8267,arch1244,aqc,nakh1245,lezg1248,False,language,definitely endangered,,,0,0,0,RU
argo1244,Argobba,,10.6596,39.756,argo1244,agj,afro1255,amha1244,False,language,vulnerable,,,0,0,0,ET
ashe1272,Ashéninka Perené,,-10.9777,-74.9153,ashe1272,prq,araw1281,ashe1271,False,language,vulnerable,,,0,0,0,PE
asil1242,Asilulu,,-3.67302,127.952,asil1242,asl,aust1307,west2843,False,language,vulnerable,,,0,0,3,ID
assa1263,Assamese,,26.0876,91.2932,assa1263,asm,indo1319,assa1262,False,language,safe,,,0,0,4,BD BT IN
atay1247,Atayal,,24.5209,121.388,atay1247,tay,aust1307,atay1246,False,language,vulnerable,,,0,0,2,TW
awac1239,Awa-Cuaiquer,,1.21652,-78.3401,awac1239,kwi,barb1265,unun9945,False,language,vulnerable,,,0,0,0,CO EC
awar1248,Awara,,-6.16986,146.372,awar1248,awx,nucl1709,want1253,False,language,safe,,,0,0,0,PG
awiy1238,Awiyaana,,-6.54079,145.76,awiy1238,auy,nucl1709,auya1234,False,language,safe,,,0,0,0,PG
awng1244,Awngi,,10.9819,36.6916,awng1244,awn,afro1255,cent2193,False,language,safe,,,0,0,0,ET
azer1255,Central Oghuz,,,,azer1255,,turk1311,west2406,False,family,safe,,,1,3,34,
badi1246,Badimaya,,-29.0647,117.246,badi1246,bia,pama1250,kart1250,False,language,extinct,,,0,0,0,AU
bafu1246,Bafut,,6.14153,10.1194,bafu1246,bfd,atla1278,bafu1247,False,language,safe,,,0,0,2,CM
baga1272,Baga Sitemu,,10.4793,-14.4756,baga1272,bsp,atla1278,temn1245,False,language,definitely endangered,,,0,0,1,GN
bagi1246,Bagirmi,,11.52392,14.769495,bagi1246,bmi,cent2225,bagi1248,False,language,safe,,,0,0,4,NG TD
baik1238,Baikeno,,-9.32991,124.256,baik1238,bkx,aust1307,uabm1238,False,language,vulnerable,,,0,0,3,ID TL
bala1315,Balantak,,-0.86809,123.289,bala1315,blz,aust1307,east2491,False,language,safe,,,0,0,0,ID
balu1257,Paluai,,-2.5604,147.282,balu1257,blq,aust1307,loup1244,False,language,safe,,,0,0,2,PG
bamb1262,Bambassi,,9.82554,34.6522,bamb1262,myf,maoo1243,maoo1243,False,language,definitely endangered,,,0,0,2,ET
bamb1269,Bambara,,12.0401,-9.98949,bamb1269,bam,mand1469,east2425,False,language,safe,,,0,0,7,CI GN ML SN
bank1256,Bankon,,4.3702,9.6403,bank1256,abb,atla1278,abob1234,False,language,vulnerable,,,0,0,0,CM
bare1276,Baré,,1.91649,-66.828,bare1276,bae,araw1281,alto1250,False,language,critically endangered,,,0,0,0,VE
bash1264,Bashkir,,53.5967,56.5594,bash1264,bak,turk1311,nort2696,False,language,vulnerable,,,0,0,3,KZ RU UA
basq1248,Basque,,43.2787,-1.31622,basq1248,eus,,,False,language,vulnerable,,,0,0,11,ES FR
bata1293,Batak Karo,,2.12787,98.2517,bata1293,btx,aust1307,nort2831,False,language,vulnerable,,,0,0,1,ID
baur1253,Baure,,-13.1278,-64.1838,baur1253,brg,araw1281,baur1254,False,language,critically endangered,,,0,0,0,BO
bazz1238,Baz,,,,bazz1238,,afro1255,nort3096,False,dialect,safe,,,0,0,0,
beka1241,Riuk Bekati',,1.3307,109.576,beka1241,bei,aust1307,baka1275,False,language,vulnerable,,,0,0,0,ID
bela1254,Belarusian,,53.2307,25.6038,bela1254,bel,indo1319,east1426,False,language,vulnerable,,,0,0,3,BY LT LV PL RU UA
belh1239,Belhariya,,26.9972,87.2783,belh1239,byw,sino1245,athp1240,False,language,severely endangered,,,0,0,0,NP
beng1280,Bengali,,24.0,90.0,beng1280,ben,indo1319,gaud1238,False,language,safe,,,0,0,15,BD IN NP
berb1259,Berbice Creole Dutch,,5.3829,-58.0002,berb1259,brc,indo1319,dutc1257,False,language,extinct,,,0,0,0,GY
beta1257,Bétanure,,,,beta1257,,afro1255,lish1247,False,dialect,safe,,,0,0,0,
bett1235,Betta Kurumba,,11.6385,76.6064,bett1235,xub,drav1251,kann1259,False,language,definitely endangered,,,0,0,0,IN
biak1248,Biak,,-0.9523,135.879,biak1248,bhw,aust1307,biak1250,False,language,severely endangered,,,0,0,29,ID
bier1244,Bierebo,,-16.6663,168.154,bier1244,bnk,aust1307,baki1243,False,language,definitely endangered,,,0,0,0,VU
bike1242,Bikele,,,,bike1242,,atla1278,kolc1235,False,dialect,safe,,,0,0,0,
blag1240,Blagar,,-8.31787,124.251,blag1240,beu,timo1261,blag1241,False,language,definitely endangered,,,0,0,4,ID
bobo1255,Bobongko,,-0.36759,121.922,bobo1255,bgb,aust1307,salu1252,False,language,definitely endangered,,,0,0,0,ID
boht1238,Bohtan Neo-Aramaic,,43.6405,44.482,boht1238,bhn,afro1255,boht1239,False,language,severely endangered,,,0,0,0,GE RU
bond1245,Bondo,,19.1512,83.8141,bond1245,bfw,aust1305,guto1244,False,language,definitely endangered,,,0,0,2,IN
boto1242,Botolan Sambal,,15.2315,120.164,boto1242,sbl,aust1307,abel1234,False,language,safe,,,0,0,2,PH
bret1244,Breton,,48.2452,-3.78934,bret1244,bre,indo1319,sout3176,False,language,safe,,,0,0,4,FR
bugi1244,Buginese,,-4.47,119.977,bugi1244,bug,aust1307,bugi1245,False,language,safe,,,0,0,11,ID
bulg1262,Bulgarian,,43.3646,25.047,bulg1262,bul,indo1319,mace1252,False,language,definitely endangered,,,0,0,2,BG GR MD MK RO RS TR UA
buli1255,Buli (Indonesia),,1.0008,128.443,buli1255,bzq,aust1307,cent2270,False,language,safe,,,0,0,2,ID
buna1278,Bunak,,-9.13618,125.216,buna1278,bfn,timo1261,east2519,False,language,vulnerable,,,0,0,0,ID TL
buru1296,Burushaski,,36.2161,74.8236,buru1296,bsk,,,False,language,definitely endangered,,,0,0,3,IN PK
buru1303,Buru (Indonesia),,-3.43957,126.632,buru1303,mhs,aust1307,buru1322,False,language,safe,,,0,0,4,ID
cabi1241,Cabiyarí,,0.16101,-71.0622,cabi1241,cbb,araw1281,nucl1764,False,language,definitely endangered,,,0,0,0,CO
cahu1264,Cahuilla,,33.5324,-116.691,cahu1264,chl,utoa1244,cahu1263,False,language,critically endangered,,,0,0,0,US
caml1239,Camling,,27.3371,86.7612,caml1239,rab,sino1245,sout2736,False,language,vulnerable,,,0,0,0,NP
cast1244,Castilian,,,,cast1244,,indo1319,stan1288,False,dialect,safe,,,0,0,0,
cavi1250,Cavineña,,-13.3544,-66.6277,cavi1250,cav,pano1259,taca1255,False,language,definitely endangered,,,0,0,0,BO
cent2050,Central Kanuri,,11.8863,16.3918,cent2050,knc,saha1256,kanu1281,False,language,safe,,,0,0,14,CM NE NG SD TD
cent2087,Coastal-Naga Bikol,,13.7574,123.403,cent2087,bcl,aust1307,coas1315,False,language,safe,,,0,0,2,PH
cent2100,Central Dusun,,6.02998,116.681,cent2100,dtp,aust1307,kada1292,False,language,vulnerable,,,0,0,12,MY
cent2101,Central Melanau,,2.524086,111.346451,cent2101,mel,aust1307,mela1255,False,language,vulnerable,,,0,0,10,BN MY
cent2142,Central Aymara,,-17.0,-68.5,cent2142,ayr,ayma1253,nucl1667,False,language,vulnerable,,,0,0,0,AR BO CL PE
chal1275,Chaldean Neo-Aramaic,,37.0972,43.5027,chal1275,cld,afro1255,nort3241,False,language,definitely endangered,,,0,0,7,IQ SY TR
cham1312,Chamorro,,13.438011,144.74474,cham1312,cha,aust1307,mala1545,False,language,vulnerable,,,0,0,2,GU MP
cham1318,Chamicuro,,-5.1149,-75.6778,cham1318,ccc,araw1281,cham1317,False,language,critically endangered,,,0,0,0,PE
chek1238,Cheke Holo,,-8.27055,159.625,chek1238,mrn,aust1307,east2452,False,language,safe,,,0,0,2,SB
cher1273,Cherokee,,35.4664,-83.163,cher1273,chr,iroq1247,iroq1247,False,language,vulnerable,,,0,0,4,US
chil1281,Chiliwack,,,,chil1281,,sali1255,halk1245,False,dialect,safe,,,0,0,0,
chim1300,Chimalapa Zoque,,16.6543,-94.6913,chim1300,zoh,mixe1284,zoqu1261,False,language,definitely endangered,,,0,0,0,MX
chim1302,Chimborazo Highland Quichua,,-1.36727,-78.8521,chim1302,qug,quec1387,colo1257,False,language,vulnerable,,,0,0,0,EC
chiq1250,Chiquihuitlán Mazatec,,18.0541,-96.6659,chiq1250,maq,otom1299,maza1308,False,language,definitely endangered,,,0,0,0,MX
chol1282,Chol,,17.4897,-92.4698,chol1282,ctu,maya1287,chol1281,False,language,safe,,,0,0,0,MX
chol1284,Cholón,,-9.23129,-75.9621,chol1284,cht,hibi1242,hibi1242,False,language,extinct,,,0,0,0,PE
chra1242,Chrau,,10.8021,107.293,chra1242,crw,aust1305,mnon1258,False,language,vulnerable,,,0,0,9,VN
chum1261,Chumburung,,8.15211,-0.2755,chum1261,ncu,atla1278,rive1262,False,language,safe,,,0,0,3,GH
chuv1255,Chuvash,,55.487,47.163,chuv1255,chv,turk1311,bolg1249,False,language,vulnerable,,,0,0,2,EE KZ RU
ciac1237,Cia-Cia,,-5.68289,122.791,ciac1237,cia,aust1307,buto1237,False,language,safe,,,0,0,10,ID
coat1238,Coatlán Mixe,,16.9404,-95.4659,coat1238,mco,mixe1284,lowl1263,False,language,vulnerable,,,0,0,2,MX
coco1260,Cocos Islands Malay,,-12.193342,96.833679,coco1260,coa,aust1307,beta1260,False,language,definitely endangered,,,0,0,0,MY
copa1236,Copainalá Zoque,,17.2157,-93.3183,copa1236,zoc,mixe1284,chia1261,False,language,definitely endangered,,,0,0,2,MX
copi1238,Copi,,,,copi1238,,atla1278,chop1243,False,dialect,safe,,,0,0,0,
copt1239,Coptic,,29.472,31.2053,copt1239,cop,afro1255,egyp1245,False,language,extinct,,,0,0,9,EG
crow1244,Crow,,45.368,-107.874,crow1244,cro,siou1252,miss1252,False,language,definitely endangered,,,0,0,0,US
culi1244,Culina,,-8.55268,-70.6648,culi1244,cul,araw1282,madi1263,False,language,definitely endangered,,,0,0,2,BR PE
cupe1243,Cupeño,,33.3148,-116.515,cupe1243,cup,utoa1244,cahu1263,False,language,extinct,,,0,0,0,US
curr1243,Curripaco,,0.69618,-67.5028,curr1243,kpc,araw1281,bani1259,False,language,vulnerable,,,0,0,2,BR CO VE
czec1258,Czech,,49.873398,15.10437,czec1258,ces,indo1319,czec1261,False,language,safe,,,0,0,6,AT CZ PL SK
daak1235,Da'a Kaili,,-1.21051,119.527,daak1235,kzf,aust1307,kail1254,False,language,safe,,,0,0,2,ID
dame1241,Dameli,,35.299,71.6806,dame1241,dml,indo1319,kuna1264,False,language,vulnerable,,,0,0,0,PK
daur1238,Dagur,,48.0,124.0,daur1238,dta,mong1329,mong1329,False,language,definitely endangered,,,0,0,3,CN KZ MN
dehu1237,Dehu,,-20.8892,167.229,dehu1237,dhv,aust1307,loya1239,False,language,safe,,,0,0,2,NC
diml1238,Dimli,,38.6147,39.6388,diml1238,diq,indo1319,zaza1246,False,language,vulnerable,,,0,0,5,TR
djin1253,Djinang,,-12.462,134.82,djin1253,dji,pama1250,west2440,False,language,definitely endangered,,,0,0,6,AU
domm1246,Dom,,-6.03737,144.895,domm1246,doa,nucl1709,kuma1279,False,language,safe,,,0,0,1,PG
duka1248,Duka-Ekor,,,,duka1248,,sena1264,dera1245,False,dialect,safe,,,0,0,0,
dumb1241,Dumbea,,-22.0947,166.531,dumb1241,duf,aust1307,extr1245,False,language,vulnerable,,,0,0,3,NC
duru1236,Duruwa,,19.0534,82.4881,duru1236,pci,drav1251,parj1243,False,language,vulnerable,,,0,0,4,IN
dusn1237,Dusner,,-2.73859,134.391,dusn1237,dsn,aust1307,biak1249,False,language,critically endangered,,,0,0,0,ID
dutc1256,Dutch,,52.0,5.0,dutc1256,nld,indo1319,mode1257,False,language,safe,,,0,0,5,BE BR DE GF GY NL SR
east2328,Eastern Mari,,55.8307,48.405,east2328,mhr,ural1272,mari1278,False,language,vulnerable,,,0,0,1,KZ RU
east2440,East Makian,,0.07337,127.423,east2440,mky,aust1307,east2439,False,language,definitely endangered,,,0,0,2,ID
east2495,Eastern Edolo,,,,east2495,,bosa1245,edol1239,False,dialect,safe,,,0,0,0,
east2542,Eastern Ojibwa,,45.0112,-79.7503,east2542,ojg,algi1248,cent2252,False,language,definitely endangered,,,0,0,0,CA
east2652,Eastern Oromo,,8.67428,41.4395,east2652,hae,afro1255,sout3218,False,language,safe,,,0,0,4,ET
egyp1253,Egyptian Arabic,,31.0,31.0,egyp1253,arz,afro1255,egyp1254,False,language,safe,,,0,0,3,EG IL LY
ende1246,Ende,,-8.70998,121.555,ende1246,end,aust1307,ende1245,False,language,safe,,,0,0,2,ID
erzy1239,Erzya,,52.8548,45.3901,erzy1239,myv,ural1272,mord1256,False,language,definitely endangered,,,0,0,0,AZ BY EE KZ LT LV RU UA
esto1258,Estonian,,58.55,25.82,esto1258,ekk,ural1272,cent2329,False,language,safe,,,0,0,2,EE LV RU
even1260,Even,,70.6687,130.914,even1260,eve,tung1282,nort3147,False,language,severely endangered,,,0,0,10,RU
ewee1241,Ewe,,6.46061,0.814975,ewee1241,ewe,atla1278,west2802,False,language,safe,,,0,0,14,GH TG
fiji1243,Fijian,,-18.0,178.33,fiji1243,fij,aust1307,east2446,False,language,safe,,,0,0,8,FJ
finn1318,Finnish,,64.7628,25.5577,finn1318,fin,ural1272,nucl1717,False,language,safe,,,0,0,7,EE FI NO RU SE
foii1241,Foi,,-6.47258,143.495,foii1241,foi,east2499,east2499,False,language,safe,,,0,0,4,PG
food1238,Foodo,,9.56489,1.40486,food1238,fod,atla1278,giky1241,False,language,safe,,,0,0,0,BJ TG
ford1242,Fordata,,-7.28902,131.511,ford1242,frd,aust1307,keif1237,False,language,vulnerable,,,0,0,4,ID
fore1274,Forest Nenets,,63.72,71.97,fore1274,,ural1272,nene1251,False,language,definitely endangered,,,0,0,4,RU
friu1240,Friulian,,46.1473,13.0493,friu1240,fur,indo1319,gall1280,False,language,vulnerable,,,0,0,3,AT IT
fuli1240,Fuliiru,,-3.04022,28.9865,fuli1240,flr,atla1278,fuli1242,False,language,safe,,,0,0,0,BI CD
furu1242,Furu,,4.485,20.6448,furu1242,fuu,cent2225,barh1234,False,language,safe,,,0,0,0,CD CF
gadd1244,Gaddang,,16.5468,121.177,gadd1244,gad,aust1307,caga1242,False,language,safe,,,0,0,0,PH
galo1242,Galo,,27.9805586,94.6884956,galo1242,adl,sino1245,suba1255,False,language,vulnerable,,,0,0,0,IN
galo1243,Galoli-Talur,,-8.61074,125.959,galo1243,gal,aust1307,nort3194,False,language,vulnerable,,,0,0,10,ID TL
gant1244,Gants,,-5.28113,144.771,gant1244,gao,nucl1709,east2767,False,language,safe,,,0,0,0,PG
garo1247,Garo,,25.2954,90.462,garo1247,grt,sino1245,bodo1279,False,language,vulnerable,,,0,0,10,BD IN
gawh1238,Gawhara,,,,gawh1238,,indo1319,gura1251,False,dialect,safe,,,0,0,0,
gayo1244,Gayo,,4.3733,97.3456,gayo1244,gay,aust1307,nort2829,False,language,vulnerable,,,0,0,4,ID
gran1245,Grangali,,34.6485,70.7323,gran1245,nli,indo1319,gawa1246,False,language,definitely endangered,,,0,0,3,AF
gras1249,Grass Koiari,,-9.51218,147.437,gras1249,kbk,koia1260,koit1243,False,language,definitely endangered,,,0,0,3,PG
guer1243,Guerrero Amuzgo,,16.77226,-98.18953,guer1243,amu,otom1299,amuz1254,False,language,vulnerable,,,0,0,0,MX
gugu1254,Gugubera,,-15.4296,141.635,gugu1254,kkp,pama1250,dhaw1234,False,language,severely endangered,,,0,0,0,AU
guja1253,Gujari,,34.3768,73.1461,guja1253,gju,indo1319,mewa1254,False,language,safe,,,0,0,3,AF IN PK
gune1238,Kune,,,,gune1238,,gunw1250,gunw1252,False,dialect,safe,,,0,0,2,
gura1251,Gurani,,36.8377,44.4956,gura1251,hac,indo1319,gora1267,False,language,vulnerable,,,0,0,6,IQ IR
halh1238,Halh Mongolian,,48.324,106.289,halh1238,khk,mong1329,mong1331,False,language,definitely endangered,,,0,0,5,MN RU
hebr1245,Modern Hebrew,,31.1056,35.0179,hebr1245,heb,afro1255,hebr1246,False,language,safe,,,0,0,2,IL JO LB PS SY
heib1243,Ebang,,11.2908,30.5282,heib1243,hbn,heib1242,eban1242,False,language,vulnerable,,,0,0,0,SD
helo1243,Helong,,-10.2647,123.377,helo1243,heg,aust1307,west2545,False,language,vulnerable,,,0,0,3,ID
hert1242,Hértevin Proper,,,,hert1242,,afro1255,hert1241,False,dialect,safe,,,0,0,0,
high1276,Highland Popoluca,,18.198,-94.9109,high1276,poi,mixe1284,gulf1238,False,language,vulnerable,,,0,0,0,MX
hili1240,Hiligaynon,,10.4018,122.974,hili1240,hil,aust1307,capi1240,False,language,safe,,,0,0,4,PH
hind1269,Hindi,,25.0,77.0,hind1269,hin,indo1319,hind1270,False,language,safe,,,0,0,4,BD BT IN NP
hiww1237,Hiw,,-13.126367,166.584857,hiww1237,hiw,aust1307,hiwl1234,False,language,definitely endangered,,,0,0,0,VU
huam1247,Huambisa,,-3.99109,-77.9797,huam1247,hub,jiva1245,shua1256,False,language,definitely endangered,,,0,0,0,PE
huam1248,Huamalíes-Dos de Mayo Huánuco Quechua,,-9.15718,-76.3372,huam1248,qvh,quec1387,huay1239,False,language,vulnerable,,,0,0,3,PE
huay1240,Huaylas Ancash Quechua,,-9.38709,-77.7768,huay1240,qwh,quec1387,huay1239,False,language,vulnerable,,,0,0,3,PE
hueh1236,Huehuetla Tepehua,,20.6189,-97.9347,hueh1236,tee,toto1251,tepe1243,False,language,definitely endangered,,,0,0,0,MX
hung1274,Hungarian,,46.9068585714,19.6555271429,hung1274,hun,ural1272,ural1272,False,language,severely endangered,,,0,0,10,AT HR HU RO RS SI SK UA
hupa1239,Hupa,,41.0982,-123.68,hupa1239,hup,atha1245,cali1245,False,language,critically endangered,,,0,0,0,US
idaa1241,Ida'an,,5.29059,118.515,idaa1241,dbj,aust1307,nort3172,False,language,vulnerable,,,0,0,3,MY
idom1241,Idoma,,7.19139,7.71261,idom1241,idu,atla1278,nucl1732,False,language,safe,,,0,0,4,NG
igna1246,Ignaciano,,-15.1188,-65.3993,igna1246,ign,araw1281,moxo1234,False,language,definitely endangered,,,0,0,0,BO
ilok1237,Iloko,,15.9361,120.993,ilok1237,ilo,aust1307,nort3238,False,language,safe,,,0,0,0,PH
indo1317,Indonesian Bajau,,-3.68664,122.253,indo1317,bdl,aust1307,born1254,False,language,vulnerable,,,0,0,11,ID
inon1237,Inonhan,,12.284,122.03,inon1237,loc,aust1307,west2820,False,language,safe,,,0,0,4,PH
irar1238,Irarutu,,-2.94438,133.586,irar1238,irh,aust1307,nabi1238,False,language,vulnerable,,,0,0,0,ID
iris1253,Irish,,53.2186,-7.61509,iris1253,gle,indo1319,west2822,False,language,definitely endangered,,,0,0,3,GB IE
itza1241,Itzá,,17.0269,-89.8734,itza1241,itz,maya1287,mopa1242,False,language,severely endangered,,,0,0,0,GT
ivat1242,Itbayat,,20.3848,121.975,ivat1242,ivv,aust1307,yami1257,False,language,safe,,,0,0,3,PH
iwai1244,Iwaidja,,-11.3379,132.453,iwai1244,ibd,iwai1246,cent2228,False,language,definitely endangered,,,0,0,1,AU
jamb1236,Jambi Malay,,-2.6469,103.13,jamb1236,jax,aust1307,indo1326,False,language,safe,,,0,0,3,ID
jami1236,Jaminjung,,,,jami1236,,mirn1241,djam1255,False,dialect,safe,,,0,0,0,
jams1239,Jamsay Dogon,,14.1794,-2.57999,jams1239,djm,dogo1299,plai1257,False,language,safe,,,0,0,5,BF ML
jauj1238,Jauja Wanca Quechua,,-11.6747,-75.2786,jauj1238,qxw,quec1387,jauj1237,False,language,severely endangered,,,0,0,0,PE
java1254,Javanese,,-0.572307,110.885,java1254,jav,aust1307,mode1251,False,language,safe,,,0,0,24,ID MY
jeme1245,Towa,,35.5994,-106.766,jeme1245,tow,kiow1265,kiow1265,False,language,definitely endangered,,,0,0,0,US
jilu1238,Jilu,,,,jilu1238,,afro1255,nort3096,False,dialect,safe,,,0,0,0,
kaba1278,Kabardian,,43.5082,43.3918,kaba1278,kbd,abkh1242,circ1239,False,language,vulnerable,,,0,0,1,RU TR
kaby1243,Kabyle,,36.4103,4.76137,kaby1243,kab,afro1255,kaby1244,False,language,vulnerable,,,0,0,2,DZ
kaga1255,Kagan Kalagan,,7.10698,125.61,kaga1255,kll,aust1307,kaga1259,False,language,safe,,,0,0,0,PH
kaga1256,Kagayanen,,10.4656,119.872,kaga1256,cgc,aust1307,nort2884,False,language,safe,,,0,0,0,PH
kala1374,Kalam (Pakistan),,,,kala1374,,indo1319,kala1373,False,dialect,safe,,,0,0,0,
kala1399,Kalaallisut,,69.3761,-52.864,kala1399,kal,eski1264,gree1280,False,language,vulnerable,,,0,0,0,GL
kalm1243,Oirad-Kalmyk,,46.566667,45.316667,kalm1243,xal,mong1329,oira1261,False,language,definitely endangered,,,0,0,20,CN KZ MN RU
kamb1299,Kambera,,-9.88447,120.235,kamb1299,xbr,aust1307,kamb1320,False,language,safe,,,0,0,7,ID
kana1281,Kanauji,,27.1074,79.2883,kana1281,bjj,indo1319,west2812,False,language,vulnerable,,,0,0,3,IN
kana1286,Kanakanavu,,23.3235,120.887,kana1286,xnb,aust1307,kana1292,False,language,critically endangered,,,0,0,0,TW
kano1245,Kanoê,,-12.1789,-64.5812,kano1245,kxo,,,False,language,critically endangered,,,0,0,0,BR
kapr1245,Kapriman,,-4.51011,143.241,kapr1245,dju,sepi1257,kapr1244,False,language,vulnerable,,,0,0,2,PG
karb1241,Hills Karbi,,25.7317,93.0462,karb1241,mjw,sino1245,karb1240,False,language,safe,,,0,0,3,IN
kari1301,Karipúna Creole French,,3.42825,-51.6888,kari1301,kmv,indo1319,guya1252,False,language,vulnerable,,,0,0,0,BR
kart1247,Kartujarra,,,,kart1247,,pama1250,mart1256,False,dialect,safe,,,0,0,0,
kaur1271,Kaure-Narau,,-3.39188,140.14,kaur1271,bpp,,,False,language,definitely endangered,,,0,0,0,ID
kawa1283,Kawaiisu,,36.0538,-118.679,kawa1283,xaw,utoa1244,sout2968,False,language,critically endangered,,,0,0,0,US
kaza1248,Kazakh,,41.8729,65.7709,kaza1248,kaz,turk1311,sout2701,False,language,safe,,,0,0,3,AF CN IR KG KZ MN RU TJ TM UZ
kemb1249,Mateq,,0.66181,110.468,kemb1249,xem,aust1307,sout2922,False,language,safe,,,0,0,0,ID MY
kend1254,Kendayan,,1.47957,109.467,kend1254,knx,aust1307,west2821,False,language,safe,,,0,0,2,ID MY
keri1250,Kerinci,,-1.93668,101.403,keri1250,kvr,aust1307,nucl1733,False,language,vulnerable,,,0,0,5,ID
kham1281,Khamnigan Mongol,,49.0,117.0,kham1281,,mong1329,oira1260,False,language,severely endangered,,,0,0,0,CN
khan1273,Kazym-Berezover-Suryskarer Khanty,,62.4308,66.1218,khan1273,kca,ural1272,nort3264,False,language,definitely endangered,,,0,0,4,RU
khit1238,Khithaulhu,,,,khit1238,,namb1299,sout2994,False,dialect,safe,,,0,0,0,
khva1239,Khwarshi-Inkhoqwari,,42.2743,45.9977,khva1239,khv,nakh1245,west2429,False,language,definitely endangered,,,0,0,2,RU
kipu1237,Kiput,,4.16535,114.367,kipu1237,kyi,aust1307,cent2272,False,language,definitely endangered,,,0,0,3,BN MY
kitj1240,Kitja,,-17.5758,127.392,kitj1240,gia,jarr1235,jarr1235,False,language,severely endangered,,,0,0,0,AU
koki1244,Koki,,,,koki1244,,manu1261,doro1266,False,dialect,safe,,,0,0,0,
kome1238,Komering,,-3.79215,105.107,kome1238,kge,aust1307,lamp1241,False,language,vulnerable,,,0,0,0,ID
komi1268,Komi-Zyrian,,64.0527,54.946,komi1268,kpv,ural1272,komi1267,False,language,critically endangered,,,0,0,0,RU
komi1269,Komi-Permyak,,59.6602,54.7959,komi1269,koi,ural1272,komi1267,False,language,vulnerable,,,0,0,3,RU
komi1277,Komi-Yazva,,60.717,55.756,komi1277,,ural1272,komi1267,False,language,definitely endangered,,,0,0,0,RU
komo1261,Komodo,,-8.64518,119.477,komo1261,kvh,aust1307,mang1430,False,language,vulnerable,,,0,0,0,ID
kona1242,Konai,,-5.66011,142.069,kona1242,kxw,east2433,east2433,False,language,safe,,,0,0,0,PG
kora1295,Korafe,,,,kora1295,,nucl1709,kora1294,False,dialect,safe,,,0,0,0,
kove1237,Kove,,-5.58623,149.63,kove1237,kvc,aust1307,kali1298,False,language,definitely endangered,,,0,0,0,PG
koya1253,Koyaga,,8.29177,-6.23255,koya1253,kga,mand1469,koro1315,False,language,safe,,,0,0,4,CI
koyr1240,Koyra Chiini Songhay,,16.192,-3.73962,koyr1240,khq,song1307,nort2822,False,language,safe,,,0,0,2,ML MR
koyr1242,Koyraboro Senni Songhai,,16.9634,-0.55187,koyr1242,ses,song1307,east2431,False,language,safe,,,0,0,0,ML NE
koys1241,Koy Sanjaq,,,,koys1241,,afro1255,sout3076,False,dialect,safe,,,0,0,0,
kumi1248,Tipai,,32.331,-116.604,kumi1248,dih,coch1271,dieg1234,False,language,severely endangered,,,0,0,0,MX US
kupa1239,Kupang Malay,,-10.2526,123.63,kupa1239,mkn,aust1307,east2743,False,language,safe,,,0,0,1,ID
kuru1302,Kurukh,,24.4644,86.4657,kuru1302,kru,drav1251,kuru1301,False,language,vulnerable,,,0,0,2,BD BT IN
kute1248,Kutep,,7.07479,10.0916,kute1248,kub,atla1278,juku1257,False,language,safe,,,0,0,5,CM NG
kute1249,Kutenai,,48.7892,-115.065,kute1249,kut,,,False,language,severely endangered,,,0,0,0,CA US
kuwa1246,Kuwaataay,,12.48255,-16.74835,kuwa1246,cwt,atla1278,kwat1245,False,language,definitely endangered,,,0,0,0,SN
kwaz1243,Kwaza,,-11.6667,-61.1833,kwaz1243,xwa,,,False,language,severely endangered,,,0,0,0,BR
lagw1237,Lagwan,,11.5592,14.9884,lagw1237,kot,afro1255,koto1263,False,language,vulnerable,,,0,0,3,CM NG TD
lahu1253,Lahu,,21.2701,100.214,lahu1253,lhu,sino1245,laho1234,False,language,safe,,,0,0,4,CN LA MM TH VN
laiy1246,Laiyolo,,-6.45512,120.483,laiy1246,lji,aust1307,kala1393,False,language,definitely endangered,,,0,0,2,ID
lala1268,Lala,,-8.93195,146.749,lala1268,nrz,aust1307,nucl1506,False,language,safe,,,0,0,0,PG
lama1277,Lamaholot,,-8.36439,122.803,lama1277,slp,aust1307,flor1242,False,language,safe,,,0,0,12,ID
lamb1269,Lambadi,,16.5734,76.9717,lamb1269,lmn,indo1319,raja1256,False,language,safe,,,0,0,3,IN
lamp1242,Lampung Nyo,,-4.43957,105.397,lamp1242,abl,aust1307,lamp1241,False,language,safe,,,0,0,3,ID
lamp1243,Lampung Api,,-5.73463,105.037,lamp1243,ljp,aust1307,lamp1241,False,language,vulnerable,,,0,0,0,ID
lari1255,Larike-Wakasihu,,-3.76522,127.956,lari1255,alo,aust1307,east2468,False,language,vulnerable,,,0,0,3,ID
lavu1241,Lavukaleve,,-9.05569,159.119,lavu1241,lvk,,,False,language,definitely endangered,,,0,0,0,SB
lega1249,Lega-Shabunda,,-3.83196,27.1424,lega1249,lea,atla1278,west2869,False,language,safe,,,0,0,6,CD
lele1266,Lele (Guinea),,8.98043,-10.371,lele1266,llc,mand1469,nucl1445,False,language,safe,,,0,0,4,GN
leti1246,Leti (Indonesia),,-8.19808,127.674,leti1246,lti,aust1307,luan1262,False,language,definitely endangered,,,0,0,0,ID
lewo1244,Lewotobi,,-8.54573,122.747,lewo1244,lwt,aust1307,flor1242,False,language,safe,,,0,0,0,ID
libe1240,Kru Pidgin English,,6.423,-10.5284,libe1240,lir,pidg1258,engl1287,False,language,safe,,,0,0,0,LR
lish1247,Lishana Deni,,31.7745,35.2225,lish1247,lsd,afro1255,nort3242,False,language,definitely endangered,,,0,0,8,IL
lith1251,Lithuanian,,55.1429,23.9601,lith1251,lit,indo1319,east2280,False,language,safe,,,0,0,9,BY LT LV PL RU
logb1245,Logba,,6.92838,0.43068,logb1245,lgq,atla1278,nato1234,False,language,definitely endangered,,,0,0,0,GH
louu1245,Lou,,-2.38659,147.346,louu1245,loj,aust1307,loup1244,False,language,safe,,,0,0,1,PG
luch1239,Luchazi,,-14.0648,22.2437,luch1239,lch,atla1278,ngan1306,False,language,safe,,,0,0,0,AO NA ZM
lund1271,Lundayeh,,4.25064,115.5,lund1271,lnd,aust1307,kela1257,False,language,safe,,,0,0,11,BN ID MY
luok1236,Luo (Kenya and Tanzania),,-0.93296,34.4896,luok1236,luo,nilo1247,adho1242,False,language,safe,,,0,0,0,KE TZ
mach1266,Machame,,-3.29385,37.0703,mach1266,jmc,atla1278,west2852,False,language,safe,,,0,0,5,TZ
madh1244,Madhi Madhi,,-34.5,143.5,madh1244,dmd,pama1250,west2443,False,dialect,extinct,,,0,0,0,AU
maib1239,Maybrat-Karon,,-1.3679,132.591,maib1239,ayz,,,False,language,safe,,,0,0,6,ID
mait1255,Maithilic,,,,mait1255,,indo1319,mait1254,False,family,safe,,,0,2,17,
maka1311,Makasar,,-5.65551,119.838,maka1311,mak,aust1307,nucl1727,False,language,vulnerable,,,0,0,3,ID
maka1317,Makasai,,,,maka1317,,timo1261,maka1316,False,dialect,safe,,,0,0,0,
makl1245,Maklere,,,,makl1245,mjb,timo1261,maka1316,False,dialect,safe,,,0,0,0,
mama1276,Mamasa,,-3.0811,119.484,mama1276,mqj,aust1307,tora1260,False,language,safe,,,0,0,3,ID
mamb1294,Mambai,,9.6121,14.0013,mamb1294,mcs,atla1278,tupu1245,False,language,vulnerable,,,0,0,0,CM TD
mamm1241,Mam,,14.8034,-91.7231,mamm1241,mam,maya1287,mame1240,False,language,vulnerable,,,0,0,0,GT MX
mana1298,Manambu,,-4.19082,142.862,mana1298,mle,nduu1242,mana1303,False,language,definitely endangered,,,0,0,0,PG
mang1381,Mangarrayi,,-14.7982,133.803,mang1381,mpc,mang1423,mang1423,False,language,critically endangered,,,0,0,0,AU
mans1258,Northern Mansi,,64.4118,61.344,mans1258,mns,ural1272,nort3271,False,language,definitely endangered,,,0,0,4,RU
mans1262,Mansaka,,6.79221,126.181,mans1262,msk,aust1307,east2477,False,language,vulnerable,,,0,0,0,PH
mapu1245,Mapudungun,,-38.7392,-71.277,mapu1245,arn,arau1255,arau1255,False,language,definitely endangered,,,0,0,3,AR CL
mara1378,Marathi,,17.9344,76.6665,mara1378,mar,indo1319,mara1416,False,language,safe,,,0,0,5,IN
mara1404,Maranao,,7.79414,124.175,mara1404,mrw,aust1307,dana1253,False,language,safe,,,0,0,0,PH
marg1265,Marghi Central,,10.93854,13.0521,marg1265,mrt,afro1255,bium1270,False,language,safe,,,0,0,4,NG
mati1250,Matigsalug Manobo,,7.72124,125.16,mati1250,mbt,aust1307,cent2088,False,language,safe,,,0,0,4,PH
maun1240,Mawng,,-11.8393,133.185,maun1240,mph,iwai1246,iwai1246,False,language,vulnerable,,,0,0,0,AU
mauw1238,Mauwake,,-4.52416,145.394,mauw1238,mhl,nucl1709,kumi1249,False,language,safe,,,0,0,0,PG
mawa1270,Mawa (Chad),,11.7461,18.2999,mawa1270,mcw,afro1255,east2710,False,language,definitely endangered,,,0,0,0,TD
maya1282,Misool-Salawati Ma'ya,,-1.22329,130.909,maya1282,slz,aust1307,raja1258,False,language,vulnerable,,,0,0,3,ID
mehe1243,Mehek,,-3.70927,142.498,mehe1243,nux,sepi1257,mehe1244,False,language,definitely endangered,,,0,0,0,PG
mezq1235,Mezquital Otomi,,20.2274,-99.5564,mezq1235,ote,otom1299,nort3201,False,language,safe,,,0,0,0,MX US
mian1256,Mian,,-4.70881,141.523,mian1256,mpt,nucl1709,mian1255,False,language,definitely endangered,,,0,0,3,PG
miga1241,Migabac,,-6.33237,147.713,miga1241,mpp,nucl1709,moma1244,False,language,safe,,,0,0,3,PG
mini1251,Minigir,,-4.31803,152.005,mini1251,vmg,aust1307,mini1257,False,language,safe,,,0,0,0,PG
mlah1239,Mlahsö,,37.0311,41.2209,mlah1239,lhs,afro1255,turo1240,False,language,extinct,,,0,0,0,SY
moco1246,Mocoví,,-28.097,-60.4145,moco1246,moc,guai1249,qomm1235,False,language,definitely endangered,,,0,0,0,AR
moks1248,Moksha,,54.1855,42.6728,moks1248,mdf,ural1272,mord1256,False,language,safe,,,0,0,0,RU
molb1237,Molbog,,7.956663,117.030502,molb1237,pwm,aust1307,molb1238,False,language,safe,,,0,0,0,MY PH
mong1330,Mongolia Buriat,,48.7686,109.005,mong1330,bxm,mong1329,buri1258,False,language,vulnerable,,,0,0,2,CN MN RU
mong1331,Mongolian,,,,mong1331,mon,mong1329,khal1273,False,family,safe,,,0,2,14,MN
mori1278,Morisyen,,-20.2613,57.5517,mori1278,mfe,indo1319,isle1246,False,language,safe,,,0,0,0,MU
moro1292,Moroccan Arabic,,32.5,-7.5,moro1292,ary,afro1255,moro1295,False,language,safe,,,0,0,7,DZ EH MA
mort1237,Mortlockese,,5.50735,153.710778,mort1237,mrl,aust1307,mort1238,False,language,definitely endangered,,,0,0,3,FM
mose1249,Mosetén-Chimané,,-14.64448,-67.83756,mose1249,cas,,,False,language,vulnerable,,,0,0,0,BO
mudu1242,Muduapa,,-4.69751,149.489,mudu1242,wiv,aust1307,bali1280,False,language,safe,,,0,0,0,PG
muna1247,Muna,,-5.40419,122.541,muna1247,mnb,aust1307,west2847,False,language,vulnerable,,,0,0,23,ID
mund1330,Mundurukú,,-8.41095,-57.691,mund1330,myu,tupi1275,mund1329,False,language,definitely endangered,,,0,0,0,BR
munj1244,Munji,,35.9321,70.9404,munj1244,mnj,indo1319,yidg1239,False,language,definitely endangered,,,0,0,4,AF
murr1259,Murrinhpatha,,,,murr1259,,sout2772,murr1258,False,dialect,safe,,,0,0,0,
musa1266,Aisi,,-5.37407,145.197,musa1266,mmq,nucl1709,aisi1234,False,language,definitely endangered,,,0,0,0,PG
musq1240,Musqueam,,,,musq1240,,sali1255,halk1245,False,dialect,safe,,,0,0,0,
muss1246,Mussau-Emira,,-1.44105,149.624,muss1246,emi,aust1307,stma1240,False,language,definitely endangered,,,0,0,4,PG
naka1262,Nakanai,,-5.59931,150.888,naka1262,nak,aust1307,naka1266,False,language,safe,,,0,0,5,PG
nali1244,Nalik,,-2.94411,151.332,nali1244,nal,aust1307,tung1294,False,language,safe,,,0,0,0,PG
nama1265,Nama,,,,nama1265,,khoe1240,nama1264,False,dialect,safe,,,0,0,0,
nang1262,Nanggu,,-10.7441,165.887,nang1262,ngr,aust1307,reef1242,False,language,severely endangered,,,0,0,0,SB
napu1241,Napu,,-1.43707,120.338,napu1241,npy,aust1307,bada1260,False,language,definitely endangered,,,0,0,0,ID
naue1237,Nauete,,-8.70733,126.741,naue1237,nxa,aust1307,kawa1289,False,language,definitely endangered,,,0,0,2,TL
nava1243,Navajo,,36.2106,-110.082,nava1243,nav,atha1245,west2810,False,language,safe,,,0,0,0,US
naxi1245,Naxi,,27.5,100.0,naxi1245,nxq,sino1245,nais1236,False,language,safe,,,0,0,3,CN
nene1249,Tundra Nenets,,66.1775,71.0234,nene1249,yrk,ural1272,nene1251,False,language,definitely endangered,,,0,0,3,RU
neng1238,Nengone,,-21.5305,167.964,neng1238,nen,aust1307,loya1239,False,language,safe,,,0,0,0,NC
nese1235,Nese,,-15.952608,167.222769,nese1235,,aust1307,nort3230,False,language,definitely endangered,,,0,0,0,VU
ngka1235,Ngkontar Ngkolmpu,,-8.87044,140.818,ngka1235,kcd,more1255,ngka1236,False,language,definitely endangered,,,0,0,0,ID PG
nhan1238,Nhanda,,-27.42523643,114.2680442,nhan1238,nha,pama1250,kart1249,False,language,critically endangered,,,0,0,0,AU
noga1249,Nogai,,43.5917,46.6618,noga1249,nog,turk1311,sout2701,False,language,definitely endangered,,,0,0,6,KZ RU
nort2672,Kazym Khanty,,,,nort2672,,ural1272,khan1273,False,dialect,safe,,,0,0,0,
nort2697,North Azerbaijani,,40.9777,46.4737,nort2697,azj,turk1311,mode1262,False,language,safe,,,0,0,20,AM AZ GE IR RU TR
nort2980,North Junín Quechua,,-11.2132,-75.8128,nort2980,qvn,quec1387,yaru1256,False,language,vulnerable,,,0,0,0,PE
nort3139,North Levantine Arabic,,34.1709,36.0468,nort3139,apc,afro1255,leva1239,False,language,safe,,,0,0,11,IL LB SY TR
nort3142,North Mesopotamian Arabic,,36.2986,42.0047,nort3142,ayp,afro1255,qelt1235,False,language,safe,,,0,0,0,IQ JO SY TR
nubi1253,Nubi,,-0.183215,34.7552,nubi1253,kcn,afro1255,suda1235,False,language,definitely endangered,,,0,0,0,KE UG US
nucl1235,Eastern Armenian,,40.0,45.0,nucl1235,hye,indo1319,east2768,False,language,definitely endangered,,,0,0,18,AM AZ GE IR SY TR
nucl1301,Turkish,,39.8667,32.8667,nucl1301,tur,turk1311,west2406,False,language,safe,,,0,0,10,AL AM AZ BG CY GE GR IQ IR MK SY TR
nucl1302,Georgian,,41.850397,43.78613,nucl1302,kat,kart1248,geor1253,False,language,safe,,,0,0,16,AM AZ GE IR RU TR
nucl1310,Burmese,,20.7926,93.9665,nucl1310,mya,sino1245,oldm1246,False,language,definitely endangered,,,0,0,3,BD MM TH
nucl1440,Masalit,,13.2733,22.1752,nucl1440,mls,maba1274,masa1301,False,language,safe,,,0,0,5,SD TD
nucl1454,Yawa,,-1.77196,136.263,nucl1454,yva,yawa1259,yawa1259,False,language,safe,,,0,0,5,ID
nucl1460,Madurese,,-7.0,113.0,nucl1460,mad,aust1307,madu1247,False,language,safe,,,0,0,6,ID
nucl1594,Mairasi,,-3.4511,134.071,nucl1594,zrs,mair1253,mair1253,False,language,safe,,,0,0,1,ID
nucl1633,Nimboran,,-2.5803,140.179,nucl1633,nir,nimb1257,nimb1257,False,language,severely endangered,,,0,0,0,ID
nucl1634,Skou,,-2.64378,140.902,nucl1634,skv,skoo1245,skou1239,False,language,definitely endangered,,,0,0,0,ID
nucl1643,Japanese,,35.0,135.0,nucl1643,jpn,japo1237,japa1258,False,language,safe,,,0,0,125,JP
nucl1706,Mandaic,,31.3443,48.8128,nucl1706,mid,afro1255,mand1468,False,language,severely endangered,,,0,0,3,AU IQ IR US
nuuc1236,Nuu-chah-nulth,,49.67,-126.67,nuuc1236,nuk,waka1280,noot1238,False,language,critically endangered,,,0,0,0,US
nyam1271,Nyamal,,-21.6092,119.693,nyam1271,nly,pama1250,nort3178,False,language,critically endangered,,,0,0,0,AU
ocot1242,Ocotepec,,,,ocot1242,,mixe1284,copa1236,False,dialect,safe,,,0,0,0,
ocot1243,Ocotepec Mixtec,,17.1823,-97.751,ocot1243,mie,otom1299,west2824,False,language,vulnerable,,,0,0,1,MX
oira1263,Oirata,,-8.09044,127.201,oira1263,oia,timo1261,fata1246,False,language,definitely endangered,,,0,0,0,ID
olut1240,Oluta Popoluca,,17.8937,-94.8863,olut1240,plo,mixe1284,mixe1286,False,language,severely endangered,,,0,0,0,MX
osse1243,Ossetian,,41.7882,43.2674,osse1243,oss,indo1319,osse1245,False,language,vulnerable,,,0,0,7,AZ GE RU TR
paez1247,Páez,,2.61516,-76.3125,paez1247,pbb,,,False,language,vulnerable,,,0,0,2,CO
pagu1249,Pagu,,1.2134,127.78,pagu1249,pgu,nort2923,pagu1251,False,language,definitely endangered,,,0,0,3,ID
paiw1248,Paiwan,,22.3271,120.806,paiw1248,pwn,aust1307,aust1307,False,language,vulnerable,,,0,0,0,TW
pala1344,Palauan,,7.34138,134.476678,pala1344,pau,aust1307,mala1545,False,language,safe,,,0,0,0,PW
pamp1243,Pampanga,,14.9603,120.502,pamp1243,pam,aust1307,cent2080,False,language,safe,,,0,0,0,PH
pang1290,Pangasinan,,15.9377,120.365,pang1290,pag,aust1307,west2550,False,language,safe,,,0,0,0,PH
panj1256,Eastern Panjabi,,30.0368,75.6702,panj1256,pan,indo1319,east2727,False,language,safe,,,0,0,7,BD IN PK
papu1250,Papuan Malay,,-2.53482,139.651,papu1250,pmy,aust1307,east2743,False,language,safe,,,0,0,0,ID
para1311,Paraguayan Guaraní,,-25.60551,-57.08816,para1311,gug,tupi1275,para1319,False,language,safe,,,0,0,1,AR PY
pash1269,Pashto,,,,pash1269,,indo1319,iran1269,False,family,safe,,,1,4,17,
patt1249,Kelantan-Pattani Malay,,6.38148,101.41,patt1249,mfa,aust1307,sing1270,False,language,vulnerable,,,0,0,0,MY TH
payn1244,Manat,,-4.94303,144.879,payn1244,pmr,nucl1709,cent2257,False,language,severely endangered,,,0,0,0,PG
pend1242,Pendau,,-0.11396,119.862,pend1242,ums,aust1307,sout2925,False,language,definitely endangered,,,0,0,0,ID
pile1238,Vaeakau-Taumako,,-10.173335,166.247188,pile1238,piv,aust1307,nucl1485,False,language,vulnerable,,,0,0,6,SB
pina1252,Pinai-Hagahai,,-5.12624,144.137,pina1252,pnn,piaw1238,piaw1238,False,language,vulnerable,,,0,0,2,PG
pipi1250,Pipil,,13.8931,-89.443,pipi1250,ppl,utoa1244,east2720,False,language,critically endangered,,,0,0,0,SV
puka1242,Pukapuka,,-10.91,-165.83,puka1242,pkp,aust1307,nucl1485,False,language,definitely endangered,,,0,0,0,CK
puma1239,Puma,,27.0774,86.838,puma1239,pum,sino1245,sout2736,False,language,definitely endangered,,,0,0,0,NP
pure1242,Purepecha,,19.2467,-101.631,pure1242,tsz,tara1323,tara1323,False,language,definitely endangered,,,0,0,0,MX US
qelt1235,Qeltu,,,,qelt1235,,afro1255,east2729,False,family,safe,,,0,2,0,
quil1240,Quileute,,47.9106,-124.603,quil1240,qui,chim1311,chim1311,False,language,extinct,,,0,0,2,US
rama1270,Rama,,11.5007,-83.8571,rama1270,rma,chib1249,voti1248,False,language,critically endangered,,,0,0,0,NI
rapa1244,Rapanui,,-27.113,-109.342,rapa1244,rap,aust1307,east2449,False,language,definitely endangered,,,0,0,0,CL
rata1244,Ratahan,,1.07592,124.858,rata1244,rth,aust1307,sout3155,False,language,definitely endangered,,,0,0,0,ID
rian1263,Riantana,,-7.50746,138.484,rian1263,ran,kolo1268,kima1245,False,language,safe,,,0,0,0,ID
ruka1240,Rukai,,22.7738,120.844,ruka1240,dru,aust1307,aust1307,False,language,vulnerable,,,0,0,6,TW
russ1263,Russian,,59.0,50.0,russ1263,rus,indo1319,east1426,False,language,critically endangered,,,0,0,3,BY CN EE FI GE KG KP KZ LT LV MD MN NO PL RO RU TM UA UZ
saar1237,Saaroa,,23.2632,120.711,saar1237,sxr,aust1307,kana1292,False,language,critically endangered,,,0,0,0,TW
saba1265,Sa'ban,,3.58723,115.664,saba1265,snv,aust1307,kela1260,False,language,vulnerable,,,0,0,0,ID MY
saek1240,Saek,,17.4558,104.787,saek1240,skb,taik1256,nort3189,False,language,definitely endangered,,,0,0,2,LA TH
sahu1245,Sahu,,1.00742,127.493,sahu1245,saj,nort2923,sahu1246,False,language,safe,,,0,0,2,ID
sala1272,Salasaca Highland Quichua,,-1.35447,-78.3953,sala1272,qxl,quec1387,colo1257,False,language,definitely endangered,,,0,0,0,EC
samo1305,Samoan,,-13.92,-171.83,samo1305,smo,aust1307,samo1310,False,language,safe,,,0,0,0,AS WS
sana1291,Sanandaj,,,,sana1291,,afro1255,hula1244,False,dialect,safe,,,0,0,0,
sand1270,Sandong,,,,sand1270,,taik1256,suii1243,False,dialect,safe,,,0,0,0,
sanm1295,San Miguel El Grande Mixtec,,17.0777,-97.5432,sanm1295,mig,otom1299,west2824,False,language,vulnerable,,,0,0,4,MX
saqi1238,Saqiz,,,,saqi1238,,afro1255,hula1244,False,dialect,safe,,,0,0,0,
saur1248,Saurashtra,,9.99172,77.9427,saur1248,saz,indo1319,guja1256,False,language,safe,,,0,0,2,IN
savo1255,Savosavo,,-9.12853,159.814,savo1255,svs,,,False,language,definitely endangered,,,0,0,0,SB
sawe1240,Saweru,,-1.91473,136.296,sawe1240,swr,yawa1259,yawa1259,False,language,vulnerable,,,0,0,0,ID
sawi1256,Sawila,,-8.29105,125.078,sawi1256,swt,timo1261,tang1352,False,language,definitely endangered,,,0,0,5,ID
sela1259,Selaru,,-8.18376,130.961,sela1259,slu,aust1307,sout2890,False,language,vulnerable,,,0,0,1,ID
shix1238,Shixing,,28.3895,100.4,shix1238,sxg,sino1245,naic1235,False,language,definitely endangered,,,0,0,0,CN
shor1247,Shor,,52.3261,88.4344,shor1247,cjs,turk1311,yeni1251,False,language,severely endangered,,,0,0,2,RU
siam1242,Siamou,,10.998,-4.92143,siam1242,sif,,,False,language,safe,,,0,0,1,BF CI ML
sinh1246,Sinhala,,8.0,81.0,sinh1246,sin,indo1319,sinh1247,False,language,safe,,,0,0,1,LK
siwa1245,Siwai,,-6.6429,155.452,siwa1245,siw,sout2948,buin1247,False,language,safe,,,0,0,1,PG
skol1241,Skolt Saami,,68.8326,29.7204,skol1241,sms,ural1272,main1280,False,language,critically endangered,,,0,0,2,FI NO RU
slav1254,Slavomolisano,,41.89,14.7,slav1254,svm,indo1319,west2804,False,language,severely endangered,,,0,0,0,IT
slov1269,Slovak,,48.545705,18.78479,slov1269,slk,indo1319,czec1260,False,language,vulnerable,,,0,0,0,AT CZ HU PL RS SK UA
soch1239,Sochiapam Chinantec,,17.7985,-96.6079,soch1239,cso,otom1299,chin1486,False,language,definitely endangered,,,0,0,0,MX
sodd1242,Soddo,,,,sodd1242,,afro1255,kist1241,False,dialect,safe,,,0,0,0,
soma1255,Somali,,4.778704,45.152856,soma1255,som,afro1255,east2653,False,language,safe,,,0,0,5,DJ ET KE SO
sooo1254,Sô,,16.9081,105.001,sooo1254,sss,aust1305,west2870,False,language,safe,,,0,0,4,LA TH VN
sout2672,Southeast Pashayi,,34.43099,70.30351,sout2672,psi,indo1319,east2322,False,language,vulnerable,,,0,0,5,AF
sout2750,Southern Yukaghir,,64.218,154.375,sout2750,yux,yuka1259,koly1247,False,language,critically endangered,,,0,0,0,RU
sout2808,Sumayela Ndebele,,-25.6272,29.048,sout2808,nbl,atla1278,ngun1276,False,language,safe,,,0,0,0,ZA
sout2857,Nahavaq,,-16.5116,167.477,sout2857,sns,aust1307,sout3197,False,language,definitely endangered,,,0,0,0,VU
sout2883,Southeast Babar,,-7.94359,129.8,sout2883,vbb,aust1307,mase1249,False,language,safe,,,0,0,0,ID
sout2961,Southern Tiwa,,34.7873,-106.661,sout2961,tix,kiow1265,tiwa1255,False,language,definitely endangered,,,0,0,2,US
sout2982,Southeastern Pomo,,38.9354,-122.599,sout2982,pom,pomo1273,pomo1273,False,language,extinct,,,0,0,0,US
sout2991,South Bolivian Quechua,,-20.9201,-66.3331,sout2991,quh,quec1387,boli1262,False,language,safe,,,0,0,6,AR BO CL
sril1245,Sri Lanka Malay,,6.91603,79.864,sril1245,sci,aust1307,vehi1234,False,language,definitely endangered,,,0,0,0,LK
stan1288,Spanish,,40.4414,-1.11788,stan1288,spa,indo1319,cast1243,False,language,safe,,,0,0,8,AD AR BO BR BZ CL CO CR CU DO EC ES FR GI GT GY HN HT MA MX NI PA PE PR PT PY SV US UY VE
stan1290,French,,48.0,2.0,stan1290,fra,indo1319,glob1239,False,language,safe,,,0,0,16,AD BE CA CH FR GF IT LU MC PM US
stan1293,English,,53.0,-1.0,stan1293,eng,indo1319,macr1271,False,language,safe,,,0,0,5,AU BM BR BZ CA CK CU DO FK GB GI GP GT GY HN IE KY LR MX NF PN SH SR US VE ZA
stan1295,German,,48.649,12.4676,stan1295,deu,indo1319,high1287,False,language,safe,,,0,0,4,AT BE CH CZ DE DK FR HU IT LI LU NL PL RO SI SK
stan1306,Standard Malay,,3.08896,101.699,stan1306,zsm,aust1307,indo1326,False,language,safe,,,0,0,0,BN MY SG
suab1238,Suabo,,-2.07971,132.157,suab1238,szp,inan1242,inan1242,False,language,critically endangered,,,0,0,0,ID
sule1243,Suleimaniya,,,,sule1243,,afro1255,hula1244,False,dialect,safe,,,0,0,0,
sumb1240,Sumbwa,,-3.47335,31.9457,sumb1240,suw,atla1278,suku1274,False,language,safe,,,0,0,0,TZ
sumb1241,Sumbawa,,-8.71919,117.472,sumb1241,smw,aust1307,sasa1248,False,language,safe,,,0,0,0,ID
sumi1235,Sumi Naga,,25.9996,94.4235,sumi1235,nsm,sino1245,reng1253,False,language,safe,,,0,0,4,IN
sund1252,Sundanese,,-6.89708,107.106,sund1252,sun,aust1307,sund1251,False,language,safe,,,0,0,4,ID
swah1253,Swahili,,-8.25605,37.624,swah1253,swh,atla1278,momb1256,False,language,definitely endangered,,,0,0,13,BI KE MZ RW SO TZ UG
taba1266,Tabasco Chontal,,18.1713,-92.7367,taba1266,chf,maya1287,chol1281,False,language,vulnerable,,,0,0,3,MX
tabr1242,Tabriz,,,,tabr1242,,turk1311,sout2697,False,dialect,safe,,,0,0,0,
tach1250,Tachelhit,,29.7854,-7.77879,tach1250,shi,afro1255,atla1275,False,language,safe,,,0,0,1,DZ MA
tafi1243,Tafi,,6.79522,0.39875,tafi1243,tcd,atla1278,nyan1316,False,language,vulnerable,,,0,0,0,GH
taga1270,Tagalog,,14.06,121.747,taga1270,tgl,aust1307,taga1269,False,language,safe,,,0,0,8,PH
tagb1258,Tagbanwa,,9.54263,118.497,tagb1258,tbw,aust1307,nort3185,False,language,safe,,,0,0,0,PH
taji1246,Tajio,,-0.31553,120.01,taji1246,tdj,aust1307,sout2925,False,language,definitely endangered,,,0,0,0,ID
taki1251,Takivatan,,,,taki1251,,aust1307,cent2105,False,dialect,safe,,,0,0,0,
tami1289,Tamil,,10.520219,78.825989,tami1289,tam,drav1251,tami1300,False,language,safe,,,0,0,19,IN LK
tapi1253,Tapieté,,-21.4169,-62.684,tapi1253,tpj,tupi1275,chir1295,False,language,definitely endangered,,,0,0,0,AR BO PY
tari1256,Tariana,,0.440205,-68.9042,tari1256,tae,araw1281,bani1258,False,language,critically endangered,,,0,0,4,BR CO
tata1255,Tatar,,55.0,50.0,tata1255,tat,turk1311,nort2696,False,language,critically endangered,,,0,0,15,AZ BY CN EE FI GE KZ LT LV RU UA
taus1251,Tausug,,5.12236,118.88,taus1251,tsg,aust1307,butu1243,False,language,safe,,,0,0,0,ID MY PH
tauy1241,Tauya,,-5.74255,145.366,tauy1241,tya,nucl1709,unun9972,False,language,safe,,,0,0,0,PG
tele1256,Telefol,,-5.07444,141.731,tele1256,tlf,nucl1709,moun1253,False,language,definitely endangered,,,0,0,2,PG
telu1262,Telugu,,16.4529,78.7024,telu1262,tel,drav1251,telu1265,False,language,safe,,,0,0,17,IN
teop1238,Teop,,-5.67474,154.971,teop1238,tio,aust1307,tinp1238,False,language,definitely endangered,,,0,0,5,PG
tetu1245,Tetum,,-9.11217,125.528,tetu1245,tet,aust1307,tetu1244,False,language,safe,,,0,0,3,ID TL
tetu1246,Tetun Dili,,-8.58405,125.583,tetu1246,tdt,aust1307,tetu1244,False,language,safe,,,0,0,0,TL
thao1240,Thao,,23.8333,120.93,thao1240,ssf,aust1307,west2572,False,language,critically endangered,,,0,0,3,TW
ticu1245,Ticuna,,-3.66289,-69.8723,ticu1245,tca,ticu1244,ticu1244,False,language,vulnerable,,,0,0,0,BR CO PE
tido1248,Tidore,,0.02461,127.746,tido1248,tvo,nort2923,tern1246,False,language,safe,,,0,0,0,ID
timu1262,Timugon Murut,,5.1796,115.826,timu1262,tih,aust1307,nort3186,False,language,vulnerable,,,0,0,9,MY
tiri1258,Tiri-Mea,,-21.8147,165.792,tiri1258,cir,aust1307,sout3189,False,language,definitely endangered,,,0,0,2,NC
tlac1235,Tlachichilco Tepehua,,20.704,-98.1947,tlac1235,tpt,toto1251,tepe1243,False,language,definitely endangered,,,0,0,0,MX
toab1237,To'abaita,,-8.39233,160.619,toab1237,mlu,aust1307,nort3284,False,language,safe,,,0,0,0,SB
toba1269,Toba,,-24.40253,-60.4472866667,toba1269,tob,guai1249,pila1244,False,language,vulnerable,,,0,0,2,AR BO PY
tobe1252,Tobelo,,1.0946,128.154,tobe1252,tlb,nort2923,tobe1251,False,language,safe,,,0,0,3,ID
tobi1239,Tobilung,,6.56097,116.67,tobi1239,tgb,aust1307,dusu1277,False,language,vulnerable,,,0,0,0,MY
tond1251,Tondano,,1.28024,124.964,tond1251,tdn,aust1307,nort2887,False,language,definitely endangered,,,0,0,3,ID
toto1305,Totontepec Mixe,,17.2157,-96.0179,toto1305,mto,mixe1284,oaxa1241,False,language,definitely endangered,,,0,0,0,MX
tsha1245,Tshangla,,27.3694,91.7741,tsha1245,tsj,sino1245,tsha1247,False,language,vulnerable,,,0,0,0,BT CN IN
tsou1248,Tsou,,23.216,120.787,tsou1248,tsu,aust1307,tsou1250,False,language,definitely endangered,,,0,0,5,TW
ttgr1237,TT-Group,,,,ttgr1237,,afro1255,oute1258,False,family,safe,,,1,4,7,
tuam1242,Tuamotuan,,-16.17259,-146.321755,tuam1242,pmt,aust1307,cent2062,False,language,vulnerable,,,0,0,7,PF
tugu1245,Tugun,,-7.72555,126.7,tugu1245,tzn,aust1307,pera1258,False,language,safe,,,0,0,6,ID
tuka1248,Tukang Besi North,,-5.30994,123.578,tuka1248,khc,aust1307,tuka1247,False,language,safe,,,0,0,2,ID
tuni1252,Tunica,,30.9888,-92.5403,tuni1252,tun,,,False,language,extinct,,,0,0,0,US
turk1303,Turkic Khalaj,,34.4224,50.3222,turk1303,klj,turk1311,comm1245,False,language,vulnerable,,,0,0,0,IR
turk1304,Turkmen,,37.0872,59.1757,turk1304,tuk,turk1311,east2334,False,language,definitely endangered,,,0,0,11,AF IQ IR PK TJ TM TR UZ
turo1239,Turoyo,,37.2275,42.1451,turo1239,tru,afro1255,turo1240,False,language,vulnerable,,,0,0,6,IQ LB SY TR
tuvi1240,Tuvinian,,48.436,92.6693,tuvi1240,tyv,turk1311,saya1244,False,language,safe,,,0,0,5,CN MN RU
tzel1254,Tzeltal,,16.6384,-92.2786,tzel1254,tzh,maya1287,tzel1253,False,language,safe,,,0,0,2,MX
tzut1248,Tz'utujil,,14.6351,-91.2012,tzut1248,tzj,maya1287,cakc1244,False,language,vulnerable,,,0,0,0,GT
udmu1245,Udmurt,,56.12921,52.63548,udmu1245,udm,ural1272,perm1256,False,language,definitely endangered,,,0,0,5,KZ RU
ughe1237,Ughele,,-8.45725,157.341,ughe1237,uge,aust1307,east2761,False,language,safe,,,0,0,0,SB
uigh1240,Uighur,,43.67,79.75,uigh1240,uig,turk1311,uigh1243,False,language,critically endangered,,,0,0,12,CN IN KG KZ MN PK UZ
ukaa1243,Ukaan,,7.59722,6.03933,ukaa1243,kcf,atla1278,benu1247,False,language,safe,,,0,0,3,NG
ukra1253,Ukrainian,,48.175842,24.395786,ukra1253,ukr,indo1319,ukra1257,False,language,vulnerable,,,0,0,3,BY HU MD PL RO RU SK UA
umbu1235,Umbugarla,,-12.9325,131.825,umbu1235,umr,,,False,language,extinct,,,0,0,0,AU
umpi1239,Umpila,,-13.1528,143.467,umpi1239,ump,pama1250,nort2759,False,language,critically endangered,,,0,0,0,AU
umra1238,Umraya,,,,umra1238,,afro1255,hert1241,False,dialect,safe,,,0,0,0,
unua1237,Unua,,-16.2638,167.599,unua1237,onu,aust1307,unua1238,False,language,vulnerable,,,0,0,1,VU
uppe1455,Upper Guinea Crioulo,,13.2335066667,-15.33254,uppe1455,pov,indo1319,uppe1458,False,language,safe,,,0,0,3,GM GW SN US
urak1238,Urak Lawoi',,7.5258,99.0768,urak1238,urk,aust1307,sing1270,False,language,definitely endangered,,,0,0,0,TH
urar1246,Urarina,,-4.44006,-75.4211,urar1246,ura,,,False,language,definitely endangered,,,0,0,0,PE
urdu1245,Urdu,,25.0,67.0,urdu1245,urd,indo1319,hind1270,False,language,safe,,,0,0,2,AF BD IN PK
uzbe1247,Uzbek,,,,uzbe1247,uzb,turk1311,uygh1240,False,family,safe,,,0,2,0,UZ
vafs1240,Vafsi,,34.5309,50.0013,vafs1240,vaf,indo1319,vafs1241,False,language,vulnerable,,,0,0,0,IR
vinm1237,Neve'ei,,-16.2253,167.427,vinm1237,vnm,aust1307,cent2316,False,language,definitely endangered,,,0,0,1,VU
vure1239,Vurës,,-13.905677,167.451412,vure1239,msn,aust1307,torr1262,False,language,definitely endangered,,,0,0,2,VU
waal1238,Waalubal,,,,waal1238,,pama1250,midd1357,False,dialect,safe,,,0,0,0,
wage1238,Wageman,,-13.8627,131.893,wage1238,waq,,,False,language,severely endangered,,,0,0,0,AU
waim1252,Waima'a,,-8.53416,126.317,waim1252,wmh,aust1307,kawa1289,False,language,definitely endangered,,,0,0,0,TL
waim1255,Waimaha,,0.30416,-70.1644,waim1255,bao,tuca1253,bara1401,False,language,definitely endangered,,,0,0,2,BR CO
wamb1259,Wambon,,-5.44334,140.48,wamb1259,wms,nucl1709,ketu1239,False,language,safe,,,0,0,0,ID
wand1263,Wandarang,,-14.2996,135.705,wand1263,wnd,mang1423,mara1414,False,language,extinct,,,0,0,0,AU
wand1267,Wandamen,,-2.25622,133.996,wand1267,wad,aust1307,ansu1238,False,language,safe,,,0,0,7,ID
wano1243,Wano,,-3.47858,137.678,wano1243,wno,nucl1709,dani1287,False,language,definitely endangered,,,0,0,7,ID
want1252,Wantoat,,-6.15216,146.513,want1252,wnc,nucl1709,want1253,False,language,definitely endangered,,,0,0,4,PG
wara1294,Anta-Komnzo-Wára-Wérè-Kémä,,-8.64917,141.52,wara1294,tci,more1255,wara1293,False,language,definitely endangered,,,0,0,5,PG
wara1302,Warapu,,-3.07263,142.012,wara1302,wra,skoo1245,skou1238,False,language,definitely endangered,,,0,0,0,PG
wehh1238,Weh,,6.46164,10.121,wehh1238,weh,atla1278,west2835,False,language,safe,,,0,0,0,CM
wels1247,Welsh,,52.0,-4.0,wels1247,cym,indo1319,oldm1247,False,language,vulnerable,,,0,0,3,GB
west2392,Western Mari,,56.22,46.569,west2392,mrj,ural1272,mari1278,False,language,vulnerable,,,0,0,2,RU
west2548,West Damar,,-7.12065,128.585,west2548,drn,aust1307,baba1274,False,language,safe,,,0,0,0,ID
west2600,West Makian,,0.45332,127.63,west2600,mqs,nort2923,nort2923,False,language,vulnerable,,,0,0,0,ID
wich1264,Wichí Lhamtés Güisnay,,-23.1633,-62.1757,wich1264,mzh,mata1289,wich1261,False,language,vulnerable,,,0,0,0,AR BO PY
wita1237,Wita Ea,,,,wita1237,,aust1307,moro1287,False,dialect,safe,,,0,0,2,
woli1241,Wolio,,-5.33,122.67,woli1241,wlo,aust1307,woli1240,False,language,vulnerable,,,0,0,0,ID
wotu1240,Wotu,,-2.59593,120.9,wotu1240,wtw,aust1307,wotu1239,False,language,definitely endangered,,,0,0,0,ID
wutu1241,Wutunhua,,35.269,101.957,wutu1241,wuh,sino1245,mand1471,False,language,definitely endangered,,,0,0,0,CN
wutu1244,Wutung,,-2.64636,141.104,wutu1244,wut,skoo1245,skou1239,False,language,definitely endangered,,,0,0,0,ID PG
yabe1254,Yabem,,-6.67052,147.81,yabe1254,jae,aust1307,nort2858,False,language,vulnerable,,,0,0,0,PG
yaku1245,Sakha,,61.6974,133.98,yaku1245,sah,turk1311,nort2688,False,language,vulnerable,,,0,0,0,RU
yala1262,Yalarnnga,,-21.731,139.511,yala1262,ylr,pama1250,galg1238,False,language,extinct,,,0,0,0,AU
yalu1240,Yalunka,,9.97186,-11.2836,yalu1240,yal,mand1469,susu1249,False,language,safe,,,0,0,3,GN ML SL SN
yane1238,Yanesha',,-10.5454,-75.315,yane1238,ame,araw1281,west2648,False,language,definitely endangered,,,0,0,0,PE
yape1248,Yapese,,9.55811,138.125,yape1248,yap,aust1307,yape1250,False,language,safe,,,0,0,0,FM
yaum1237,Yau (Morobe Province),,-6.08274,146.841,yaum1237,yuw,nucl1709,uruw1240,False,language,safe,,,0,0,2,PG
yayg1236,Yaygir,,-29.91558791,153.2691386,yayg1236,xya,pama1250,gumb1242,False,language,extinct,,,0,0,0,AU
yima1243,Yimas,,-4.71731,143.572,yima1243,yee,lowe1437,kara1498,False,language,definitely endangered,,,0,0,0,PG
yuag1237,Yuaga,,-20.5664,164.51,yuag1237,nua,aust1307,extr1244,False,language,vulnerable,,,0,0,2,NC
zulu1248,Zulu,,-25.3305,31.3512,zulu1248,zul,atla1278,zulu1251,False,language,safe,,,0,0,6,BW LS MZ SZ ZA
