ID,Name,Description
1,d̠ʒ,LATIN SMALL LETTER D - COMBINING MINUS SIGN BELOW - LATIN SMALL LETTER EZH
2,t,LATIN SMALL LETTER T
3,ɡ,LATIN SMALL LETTER SCRIPT G
4,ɟ,LATIN SMALL LETTER DOTLESS J WITH STROKE
5,ts,LATIN SMALL LETTER T - LATIN SMALL LETTER S
6,d̠ʒ,LATIN SMALL LETTER D - COMBINING MINUS SIGN BELOW - LATIN SMALL LETTER EZH
7,n̠d̠ʒ,LATIN SMALL LETTER N - COMBINING MINUS SIGN BELOW - LATIN SMALL LETTER D - COMBINING MINUS SIGN BELOW - LATIN SMALL LETTER EZH
8,f,LATIN SMALL LETTER F
9,ʃ,LATIN SMALL LETTER ESH
10,ɾ,LATIN SMALL LETTER R WITH FISHHOOK
11,ɾ,LATIN SMALL LETTER R WITH FISHHOOK
12,h,LATIN SMALL LETTER H
13,b,LATIN SMALL LETTER B
14,d,LATIN SMALL LETTER D
15,e,LATIN SMALL LETTER E
16,eː,LATIN SMALL LETTER E - MODIFIER LETTER TRIANGULAR COLON
17,f,LATIN SMALL LETTER F
18,ɡ,LATIN SMALL LETTER SCRIPT G
19,o,LATIN SMALL LETTER O
20,oː,LATIN SMALL LETTER O - MODIFIER LETTER TRIANGULAR COLON
21,p,LATIN SMALL LETTER P
22,ɹ,LATIN SMALL LETTER TURNED R
23,v,LATIN SMALL LETTER V
24,z,LATIN SMALL LETTER Z
25,d̠ʒ,LATIN SMALL LETTER D - COMBINING MINUS SIGN BELOW - LATIN SMALL LETTER EZH
26,dˤ,LATIN SMALL LETTER D - MODIFIER LETTER SMALL REVERSED GLOTTAL STOP
27,ðˤ,LATIN SMALL LETTER ETH - MODIFIER LETTER SMALL REVERSED GLOTTAL STOP
28,f,LATIN SMALL LETTER F
29,ɣ,LATIN SMALL LETTER GAMMA
30,ħ,LATIN SMALL LETTER H WITH STROKE
31,pˤ,LATIN SMALL LETTER P - MODIFIER LETTER SMALL REVERSED GLOTTAL STOP
32,t̠ʃ,LATIN SMALL LETTER T - COMBINING MINUS SIGN BELOW - LATIN SMALL LETTER ESH
33,v,LATIN SMALL LETTER V
34,zˤ,LATIN SMALL LETTER Z - MODIFIER LETTER SMALL REVERSED GLOTTAL STOP
35,ʒ,LATIN SMALL LETTER EZH
36,ʕ̞,LATIN LETTER PHARYNGEAL VOICED FRICATIVE - COMBINING DOWN TACK BELOW
37,h,LATIN SMALL LETTER H
38,b,LATIN SMALL LETTER B
39,d,LATIN SMALL LETTER D
40,ɡ,LATIN SMALL LETTER SCRIPT G
41,l,LATIN SMALL LETTER L
42,d̠ʒ,LATIN SMALL LETTER D - COMBINING MINUS SIGN BELOW - LATIN SMALL LETTER EZH
43,dˤ,LATIN SMALL LETTER D - MODIFIER LETTER SMALL REVERSED GLOTTAL STOP
44,f,LATIN SMALL LETTER F
45,zˤ,LATIN SMALL LETTER Z - MODIFIER LETTER SMALL REVERSED GLOTTAL STOP
46,ʒ,LATIN SMALL LETTER EZH
47,d̠ʒ,LATIN SMALL LETTER D - COMBINING MINUS SIGN BELOW - LATIN SMALL LETTER EZH
48,ʎ,LATIN SMALL LETTER TURNED Y
49,z,LATIN SMALL LETTER Z
50,b,LATIN SMALL LETTER B
51,d,LATIN SMALL LETTER D
52,d̠ʒ,LATIN SMALL LETTER D - COMBINING MINUS SIGN BELOW - LATIN SMALL LETTER EZH
53,ɡ,LATIN SMALL LETTER SCRIPT G
54,ŋ,LATIN SMALL LETTER ENG
55,t̠ʃ,LATIN SMALL LETTER T - COMBINING MINUS SIGN BELOW - LATIN SMALL LETTER ESH
56,t,LATIN SMALL LETTER T
57,r,LATIN SMALL LETTER R
58,t̠ʃʼ,LATIN SMALL LETTER T - COMBINING MINUS SIGN BELOW - LATIN SMALL LETTER ESH - MODIFIER LETTER APOSTROPHE
59,e,LATIN SMALL LETTER E
60,f,LATIN SMALL LETTER F
61,ɔ,LATIN SMALL LETTER OPEN O
62,ts,LATIN SMALL LETTER T - LATIN SMALL LETTER S
63,t̠ʃ,LATIN SMALL LETTER T - COMBINING MINUS SIGN BELOW - LATIN SMALL LETTER ESH
64,v,LATIN SMALL LETTER V
65,z,LATIN SMALL LETTER Z
66,ʒ,LATIN SMALL LETTER EZH
67,χ,GREEK SMALL LETTER CHI
68,f,LATIN SMALL LETTER F
69,v,LATIN SMALL LETTER V
70,f,LATIN SMALL LETTER F
71,fʲ,LATIN SMALL LETTER F - MODIFIER LETTER SMALL J
72,s,LATIN SMALL LETTER S
73,bˤ,LATIN SMALL LETTER B - MODIFIER LETTER SMALL REVERSED GLOTTAL STOP
74,d̠ʒ,LATIN SMALL LETTER D - COMBINING MINUS SIGN BELOW - LATIN SMALL LETTER EZH
75,dˤ,LATIN SMALL LETTER D - MODIFIER LETTER SMALL REVERSED GLOTTAL STOP
76,ðˤ,LATIN SMALL LETTER ETH - MODIFIER LETTER SMALL REVERSED GLOTTAL STOP
77,f,LATIN SMALL LETTER F
78,pˤ,LATIN SMALL LETTER P - MODIFIER LETTER SMALL REVERSED GLOTTAL STOP
79,ʁ,LATIN LETTER SMALL CAPITAL INVERTED R
80,t̠ʃ,LATIN SMALL LETTER T - COMBINING MINUS SIGN BELOW - LATIN SMALL LETTER ESH
81,v,LATIN SMALL LETTER V
82,zˤ,LATIN SMALL LETTER Z - MODIFIER LETTER SMALL REVERSED GLOTTAL STOP
83,ʒ,LATIN SMALL LETTER EZH
84,d,LATIN SMALL LETTER D
85,f,LATIN SMALL LETTER F
86,l,LATIN SMALL LETTER L
87,t,LATIN SMALL LETTER T
88,f,LATIN SMALL LETTER F
89,h,LATIN SMALL LETTER H
90,v,LATIN SMALL LETTER V
91,f,LATIN SMALL LETTER F
92,k,LATIN SMALL LETTER K
93,t̠ʃ,LATIN SMALL LETTER T - COMBINING MINUS SIGN BELOW - LATIN SMALL LETTER ESH
94,v,LATIN SMALL LETTER V
95,ɛ̃ː,LATIN SMALL LETTER OPEN E - COMBINING TILDE - MODIFIER LETTER TRIANGULAR COLON
96,dz,LATIN SMALL LETTER D - LATIN SMALL LETTER Z
97,r,LATIN SMALL LETTER R
98,f,LATIN SMALL LETTER F
99,χ,GREEK SMALL LETTER CHI
100,f,LATIN SMALL LETTER F
101,ʃ,LATIN SMALL LETTER ESH
102,r,LATIN SMALL LETTER R
103,r̝,LATIN SMALL LETTER R - COMBINING UP TACK BELOW
104,x,LATIN SMALL LETTER X
105,k,LATIN SMALL LETTER K
106,d̠ʒ,LATIN SMALL LETTER D - COMBINING MINUS SIGN BELOW - LATIN SMALL LETTER EZH
107,f,LATIN SMALL LETTER F
108,ħ,LATIN SMALL LETTER H WITH STROKE
109,ʁ,LATIN LETTER SMALL CAPITAL INVERTED R
110,t̠ʃ,LATIN SMALL LETTER T - COMBINING MINUS SIGN BELOW - LATIN SMALL LETTER ESH
111,v,LATIN SMALL LETTER V
112,ʒ,LATIN SMALL LETTER EZH
113,ʕ,LATIN LETTER PHARYNGEAL VOICED FRICATIVE
114,b,LATIN SMALL LETTER B
115,p,LATIN SMALL LETTER P
116,b,LATIN SMALL LETTER B
117,k,LATIN SMALL LETTER K
118,kʼ,LATIN SMALL LETTER K - MODIFIER LETTER APOSTROPHE
119,n,LATIN SMALL LETTER N
120,ɽ,LATIN SMALL LETTER R WITH TAIL
121,f,LATIN SMALL LETTER F
122,b,LATIN SMALL LETTER B
123,ð,LATIN SMALL LETTER ETH
124,ɣ,LATIN SMALL LETTER GAMMA
125,p,LATIN SMALL LETTER P
126,r,LATIN SMALL LETTER R
127,d,LATIN SMALL LETTER D
128,f,LATIN SMALL LETTER F
129,ɡ,LATIN SMALL LETTER SCRIPT G
130,n,LATIN SMALL LETTER N
131,r,LATIN SMALL LETTER R
132,t,LATIN SMALL LETTER T
133,b,LATIN SMALL LETTER B
134,d,LATIN SMALL LETTER D
135,f,LATIN SMALL LETTER F
136,ɡ,LATIN SMALL LETTER SCRIPT G
137,r,LATIN SMALL LETTER R
138,b,LATIN SMALL LETTER B
139,d̪,LATIN SMALL LETTER D - COMBINING BRIDGE BELOW
140,f,LATIN SMALL LETTER F
141,ɡ,LATIN SMALL LETTER SCRIPT G
142,o,LATIN SMALL LETTER O
143,ts,LATIN SMALL LETTER T - LATIN SMALL LETTER S
144,z,LATIN SMALL LETTER Z
145,ʐ,LATIN SMALL LETTER Z WITH RETROFLEX HOOK
146,b,LATIN SMALL LETTER B
147,d,LATIN SMALL LETTER D
148,ɡ,LATIN SMALL LETTER SCRIPT G
149,h,LATIN SMALL LETTER H
150,v,LATIN SMALL LETTER V
151,z,LATIN SMALL LETTER Z
152,b,LATIN SMALL LETTER B
153,d,LATIN SMALL LETTER D
154,f,LATIN SMALL LETTER F
155,ɡ,LATIN SMALL LETTER SCRIPT G
156,r,LATIN SMALL LETTER R
157,ɾ,LATIN SMALL LETTER R WITH FISHHOOK
158,d,LATIN SMALL LETTER D
159,ɡ,LATIN SMALL LETTER SCRIPT G
160,z,LATIN SMALL LETTER Z
161,l,LATIN SMALL LETTER L
162,d,LATIN SMALL LETTER D
163,ɛ,LATIN SMALL LETTER OPEN E
164,f,LATIN SMALL LETTER F
165,ɡ,LATIN SMALL LETTER SCRIPT G
166,o,LATIN SMALL LETTER O
167,ɾ,LATIN SMALL LETTER R WITH FISHHOOK
168,f,LATIN SMALL LETTER F
169,p,LATIN SMALL LETTER P
170,ɣ,LATIN SMALL LETTER GAMMA
171,x,LATIN SMALL LETTER X
172,sˤ,LATIN SMALL LETTER S - MODIFIER LETTER SMALL REVERSED GLOTTAL STOP
173,tˤ,LATIN SMALL LETTER T - MODIFIER LETTER SMALL REVERSED GLOTTAL STOP
174,ʕ,LATIN LETTER PHARYNGEAL VOICED FRICATIVE
175,s,LATIN SMALL LETTER S
176,d̠ʒ,LATIN SMALL LETTER D - COMBINING MINUS SIGN BELOW - LATIN SMALL LETTER EZH
177,h,LATIN SMALL LETTER H
178,l,LATIN SMALL LETTER L
179,ɲ,LATIN SMALL LETTER N WITH LEFT HOOK
180,t̠ʃ,LATIN SMALL LETTER T - COMBINING MINUS SIGN BELOW - LATIN SMALL LETTER ESH
181,d̠ʒ,LATIN SMALL LETTER D - COMBINING MINUS SIGN BELOW - LATIN SMALL LETTER EZH
182,f,LATIN SMALL LETTER F
183,t̠ʃ,LATIN SMALL LETTER T - COMBINING MINUS SIGN BELOW - LATIN SMALL LETTER ESH
184,ʔ,LATIN LETTER GLOTTAL STOP
185,f,LATIN SMALL LETTER F
186,n,LATIN SMALL LETTER N
187,f,LATIN SMALL LETTER F
188,pʲ,LATIN SMALL LETTER P - MODIFIER LETTER SMALL J
189,sʲ,LATIN SMALL LETTER S - MODIFIER LETTER SMALL J
190,tʲ,LATIN SMALL LETTER T - MODIFIER LETTER SMALL J
191,ts,LATIN SMALL LETTER T - LATIN SMALL LETTER S
192,x,LATIN SMALL LETTER X
193,l,LATIN SMALL LETTER L
194,f,LATIN SMALL LETTER F
195,z̻,LATIN SMALL LETTER Z - COMBINING SQUARE BELOW
196,d̠ʒ,LATIN SMALL LETTER D - COMBINING MINUS SIGN BELOW - LATIN SMALL LETTER EZH
197,p,LATIN SMALL LETTER P
198,v,LATIN SMALL LETTER V
199,x,LATIN SMALL LETTER X
200,f,LATIN SMALL LETTER F
201,ʃ,LATIN SMALL LETTER ESH
202,p,LATIN SMALL LETTER P
203,z,LATIN SMALL LETTER Z
204,p,LATIN SMALL LETTER P
205,b,LATIN SMALL LETTER B
206,f,LATIN SMALL LETTER F
207,ɡ,LATIN SMALL LETTER SCRIPT G
208,ʃ,LATIN SMALL LETTER ESH
209,r,LATIN SMALL LETTER R
210,ɾ,LATIN SMALL LETTER R WITH FISHHOOK
211,l,LATIN SMALL LETTER L
212,ʔ,LATIN LETTER GLOTTAL STOP
213,ʕ,LATIN LETTER PHARYNGEAL VOICED FRICATIVE
214,ʔ,LATIN LETTER GLOTTAL STOP
215,h,LATIN SMALL LETTER H
216,ã,LATIN SMALL LETTER A - COMBINING TILDE
217,d̠ʒ,LATIN SMALL LETTER D - COMBINING MINUS SIGN BELOW - LATIN SMALL LETTER EZH
218,ɛ̃,LATIN SMALL LETTER OPEN E - COMBINING TILDE
219,œ̃,LATIN SMALL LIGATURE OE - COMBINING TILDE
220,ɔ̃,LATIN SMALL LETTER OPEN O - COMBINING TILDE
221,ʒ,LATIN SMALL LETTER EZH
222,j,LATIN SMALL LETTER J
223,l,LATIN SMALL LETTER L
224,p,LATIN SMALL LETTER P
225,b,LATIN SMALL LETTER B
226,f,LATIN SMALL LETTER F
227,j,LATIN SMALL LETTER J
228,k,LATIN SMALL LETTER K
229,p,LATIN SMALL LETTER P
230,r,LATIN SMALL LETTER R
231,ɾ,LATIN SMALL LETTER R WITH FISHHOOK
232,z,LATIN SMALL LETTER Z
233,ɣ,LATIN SMALL LETTER GAMMA
234,k,LATIN SMALL LETTER K
235,x,LATIN SMALL LETTER X
236,ʕ,LATIN LETTER PHARYNGEAL VOICED FRICATIVE
237,bʰ,LATIN SMALL LETTER B - MODIFIER LETTER SMALL H
238,ɡ,LATIN SMALL LETTER SCRIPT G
239,b,LATIN SMALL LETTER B
240,d,LATIN SMALL LETTER D
241,ɡ,LATIN SMALL LETTER SCRIPT G
242,r,LATIN SMALL LETTER R
243,ɾ,LATIN SMALL LETTER R WITH FISHHOOK
244,d̠ʒ,LATIN SMALL LETTER D - COMBINING MINUS SIGN BELOW - LATIN SMALL LETTER EZH
245,w,LATIN SMALL LETTER W
246,qʰ,LATIN SMALL LETTER Q - MODIFIER LETTER SMALL H
247,b,LATIN SMALL LETTER B
248,d,LATIN SMALL LETTER D
249,f,LATIN SMALL LETTER F
250,l,LATIN SMALL LETTER L
251,ŋ,LATIN SMALL LETTER ENG
252,d,LATIN SMALL LETTER D
253,tʰ,LATIN SMALL LETTER T - MODIFIER LETTER SMALL H
254,ɗ,LATIN SMALL LETTER D WITH HOOK
255,f,LATIN SMALL LETTER F
256,ɡ,LATIN SMALL LETTER SCRIPT G
257,r,LATIN SMALL LETTER R
258,f,LATIN SMALL LETTER F
259,h,LATIN SMALL LETTER H
260,ʃ,LATIN SMALL LETTER ESH
261,ɕ,LATIN SMALL LETTER C WITH CURL
262,d,LATIN SMALL LETTER D
263,f,LATIN SMALL LETTER F
264,j,LATIN SMALL LETTER J
265,ɸ,LATIN SMALL LETTER PHI
266,t,LATIN SMALL LETTER T
267,tɕ,LATIN SMALL LETTER T - LATIN SMALL LETTER C WITH CURL
268,ts,LATIN SMALL LETTER T - LATIN SMALL LETTER S
269,v,LATIN SMALL LETTER V
270,w,LATIN SMALL LETTER W
271,ʑ,LATIN SMALL LETTER Z WITH CURL
272,β,GREEK SMALL LETTER BETA
273,b,LATIN SMALL LETTER B
274,d,LATIN SMALL LETTER D
275,e,LATIN SMALL LETTER E
276,f,LATIN SMALL LETTER F
277,ɡ,LATIN SMALL LETTER SCRIPT G
278,o,LATIN SMALL LETTER O
279,j,LATIN SMALL LETTER J
280,ʕ,LATIN LETTER PHARYNGEAL VOICED FRICATIVE
281,b,LATIN SMALL LETTER B
282,h,LATIN SMALL LETTER H
283,ħ,LATIN SMALL LETTER H WITH STROKE
284,q,LATIN SMALL LETTER Q
285,sˤ,LATIN SMALL LETTER S - MODIFIER LETTER SMALL REVERSED GLOTTAL STOP
286,ʃ,LATIN SMALL LETTER ESH
287,tˤ,LATIN SMALL LETTER T - MODIFIER LETTER SMALL REVERSED GLOTTAL STOP
288,ʒ,LATIN SMALL LETTER EZH
289,ʕ,LATIN LETTER PHARYNGEAL VOICED FRICATIVE
290,χ,GREEK SMALL LETTER CHI
291,h,LATIN SMALL LETTER H
292,j,LATIN SMALL LETTER J
293,l,LATIN SMALL LETTER L
294,r,LATIN SMALL LETTER R
295,ɹ̺,LATIN SMALL LETTER TURNED R - COMBINING INVERTED BRIDGE BELOW
296,v,LATIN SMALL LETTER V
297,f,LATIN SMALL LETTER F
298,ɣ,LATIN SMALL LETTER GAMMA
299,q,LATIN SMALL LETTER Q
300,x,LATIN SMALL LETTER X
301,z,LATIN SMALL LETTER Z
302,ɽ,LATIN SMALL LETTER R WITH TAIL
303,t̠ʃ,LATIN SMALL LETTER T - COMBINING MINUS SIGN BELOW - LATIN SMALL LETTER ESH
304,hʷ,LATIN SMALL LETTER H - MODIFIER LETTER SMALL W
305,l,LATIN SMALL LETTER L
306,ŋ,LATIN SMALL LETTER ENG
307,f,LATIN SMALL LETTER F
308,b,LATIN SMALL LETTER B
309,ɕː,LATIN SMALL LETTER C WITH CURL - MODIFIER LETTER TRIANGULAR COLON
310,d,LATIN SMALL LETTER D
311,f,LATIN SMALL LETTER F
312,ɡ,LATIN SMALL LETTER SCRIPT G
313,ts,LATIN SMALL LETTER T - LATIN SMALL LETTER S
314,t̠ʃ,LATIN SMALL LETTER T - COMBINING MINUS SIGN BELOW - LATIN SMALL LETTER ESH
315,z,LATIN SMALL LETTER Z
316,ʒ,LATIN SMALL LETTER EZH
317,ʃ,LATIN SMALL LETTER ESH
318,ə,LATIN SMALL LETTER SCHWA
319,h,LATIN SMALL LETTER H
320,j,LATIN SMALL LETTER J
321,l,LATIN SMALL LETTER L
322,w,LATIN SMALL LETTER W
323,s,LATIN SMALL LETTER S
324,f,LATIN SMALL LETTER F
325,m,LATIN SMALL LETTER M
326,w,LATIN SMALL LETTER W
327,x,LATIN SMALL LETTER X
328,ʕ,LATIN LETTER PHARYNGEAL VOICED FRICATIVE
329,ɡ,LATIN SMALL LETTER SCRIPT G
330,p,LATIN SMALL LETTER P
331,t̠ʃ,LATIN SMALL LETTER T - COMBINING MINUS SIGN BELOW - LATIN SMALL LETTER ESH
332,v,LATIN SMALL LETTER V
333,ʒ,LATIN SMALL LETTER EZH
334,d̠ʒ,LATIN SMALL LETTER D - COMBINING MINUS SIGN BELOW - LATIN SMALL LETTER EZH
335,ɡ,LATIN SMALL LETTER SCRIPT G
336,ɪ,LATIN LETTER SMALL CAPITAL I
337,ʊ,LATIN SMALL LETTER UPSILON
338,d̠ʒ,LATIN SMALL LETTER D - COMBINING MINUS SIGN BELOW - LATIN SMALL LETTER EZH
339,h,LATIN SMALL LETTER H
340,kʷ,LATIN SMALL LETTER K - MODIFIER LETTER SMALL W
341,l,LATIN SMALL LETTER L
342,pʰ,LATIN SMALL LETTER P - MODIFIER LETTER SMALL H
343,t̠ʃ,LATIN SMALL LETTER T - COMBINING MINUS SIGN BELOW - LATIN SMALL LETTER ESH
344,w,LATIN SMALL LETTER W
345,z,LATIN SMALL LETTER Z
346,ʔ,LATIN LETTER GLOTTAL STOP
347,b,LATIN SMALL LETTER B
348,d,LATIN SMALL LETTER D
349,z,LATIN SMALL LETTER Z
350,f,LATIN SMALL LETTER F
351,rʲ,LATIN SMALL LETTER R - MODIFIER LETTER SMALL J
352,ts,LATIN SMALL LETTER T - LATIN SMALL LETTER S
353,x,LATIN SMALL LETTER X
354,f,LATIN SMALL LETTER F
355,rʲ,LATIN SMALL LETTER R - MODIFIER LETTER SMALL J
356,ts,LATIN SMALL LETTER T - LATIN SMALL LETTER S
357,f,LATIN SMALL LETTER F
358,rʲ,LATIN SMALL LETTER R - MODIFIER LETTER SMALL J
359,ts,LATIN SMALL LETTER T - LATIN SMALL LETTER S
360,x,LATIN SMALL LETTER X
361,d̠ʒ,LATIN SMALL LETTER D - COMBINING MINUS SIGN BELOW - LATIN SMALL LETTER EZH
362,ɾ,LATIN SMALL LETTER R WITH FISHHOOK
363,v,LATIN SMALL LETTER V
364,ə,LATIN SMALL LETTER SCHWA
365,ʃ,LATIN SMALL LETTER ESH
366,t̠ʃ,LATIN SMALL LETTER T - COMBINING MINUS SIGN BELOW - LATIN SMALL LETTER ESH
367,z,LATIN SMALL LETTER Z
368,ʒ,LATIN SMALL LETTER EZH
369,õ,LATIN SMALL LETTER O - COMBINING TILDE
370,p,LATIN SMALL LETTER P
371,ʃ,LATIN SMALL LETTER ESH
372,x,LATIN SMALL LETTER X
373,z,LATIN SMALL LETTER Z
374,ʒ,LATIN SMALL LETTER EZH
375,ʔ,LATIN LETTER GLOTTAL STOP
376,r,LATIN SMALL LETTER R
377,s,LATIN SMALL LETTER S
378,ɳ,LATIN SMALL LETTER N WITH RETROFLEX HOOK
379,ŋ,LATIN SMALL LETTER ENG
380,l,LATIN SMALL LETTER L
381,w,LATIN SMALL LETTER W
382,d,LATIN SMALL LETTER D
383,p,LATIN SMALL LETTER P
384,f,LATIN SMALL LETTER F
385,fʲ,LATIN SMALL LETTER F - MODIFIER LETTER SMALL J
386,ɣ,LATIN SMALL LETTER GAMMA
387,ɣʲ,LATIN SMALL LETTER GAMMA - MODIFIER LETTER SMALL J
388,ɔ,LATIN SMALL LETTER OPEN O
389,x,LATIN SMALL LETTER X
390,xʲ,LATIN SMALL LETTER X - MODIFIER LETTER SMALL J
391,p,LATIN SMALL LETTER P
392,b,LATIN SMALL LETTER B
393,ɡ,LATIN SMALL LETTER SCRIPT G
394,ʃ,LATIN SMALL LETTER ESH
395,f,LATIN SMALL LETTER F
396,h,LATIN SMALL LETTER H
397,j,LATIN SMALL LETTER J
398,w,LATIN SMALL LETTER W
399,ʎ,LATIN SMALL LETTER TURNED Y
400,ɲ,LATIN SMALL LETTER N WITH LEFT HOOK
401,p,LATIN SMALL LETTER P
402,r,LATIN SMALL LETTER R
403,ʃ,LATIN SMALL LETTER ESH
404,v,LATIN SMALL LETTER V
405,z,LATIN SMALL LETTER Z
406,ʒ,LATIN SMALL LETTER EZH
407,b,LATIN SMALL LETTER B
408,d̠ʒ,LATIN SMALL LETTER D - COMBINING MINUS SIGN BELOW - LATIN SMALL LETTER EZH
409,ɡ,LATIN SMALL LETTER SCRIPT G
410,ŋ,LATIN SMALL LETTER ENG
411,t̠ʃ,LATIN SMALL LETTER T - COMBINING MINUS SIGN BELOW - LATIN SMALL LETTER ESH
412,v,LATIN SMALL LETTER V
413,z,LATIN SMALL LETTER Z
414,b,LATIN SMALL LETTER B
415,d,LATIN SMALL LETTER D
416,ɡ,LATIN SMALL LETTER SCRIPT G
417,ɾ,LATIN SMALL LETTER R WITH FISHHOOK
418,d̠ʒ,LATIN SMALL LETTER D - COMBINING MINUS SIGN BELOW - LATIN SMALL LETTER EZH
419,mb,LATIN SMALL LETTER M - LATIN SMALL LETTER B
420,nd,LATIN SMALL LETTER N - LATIN SMALL LETTER D
421,ŋɡ,LATIN SMALL LETTER ENG - LATIN SMALL LETTER SCRIPT G
422,e,LATIN SMALL LETTER E
423,o,LATIN SMALL LETTER O
424,o,LATIN SMALL LETTER O
425,d̠ʒ,LATIN SMALL LETTER D - COMBINING MINUS SIGN BELOW - LATIN SMALL LETTER EZH
426,ðˤ,LATIN SMALL LETTER ETH - MODIFIER LETTER SMALL REVERSED GLOTTAL STOP
427,ħ,LATIN SMALL LETTER H WITH STROKE
428,t̠ʃ,LATIN SMALL LETTER T - COMBINING MINUS SIGN BELOW - LATIN SMALL LETTER ESH
429,zˤ,LATIN SMALL LETTER Z - MODIFIER LETTER SMALL REVERSED GLOTTAL STOP
430,ʕ,LATIN LETTER PHARYNGEAL VOICED FRICATIVE
431,ʎ,LATIN SMALL LETTER TURNED Y
432,ʃ,LATIN SMALL LETTER ESH
433,ɛ,LATIN SMALL LETTER OPEN E
434,ɔ,LATIN SMALL LETTER OPEN O
435,ŋ,LATIN SMALL LETTER ENG
436,d̠ʒ,LATIN SMALL LETTER D - COMBINING MINUS SIGN BELOW - LATIN SMALL LETTER EZH
437,t̠ʃ,LATIN SMALL LETTER T - COMBINING MINUS SIGN BELOW - LATIN SMALL LETTER ESH
438,p,LATIN SMALL LETTER P
439,l,LATIN SMALL LETTER L
440,t̠ʃ,LATIN SMALL LETTER T - COMBINING MINUS SIGN BELOW - LATIN SMALL LETTER ESH
441,l,LATIN SMALL LETTER L
442,d̠ʒ,LATIN SMALL LETTER D - COMBINING MINUS SIGN BELOW - LATIN SMALL LETTER EZH
443,r,LATIN SMALL LETTER R
444,d̠ʒ,LATIN SMALL LETTER D - COMBINING MINUS SIGN BELOW - LATIN SMALL LETTER EZH
445,dˤ,LATIN SMALL LETTER D - MODIFIER LETTER SMALL REVERSED GLOTTAL STOP
446,ðˤ,LATIN SMALL LETTER ETH - MODIFIER LETTER SMALL REVERSED GLOTTAL STOP
447,t̠ʃ,LATIN SMALL LETTER T - COMBINING MINUS SIGN BELOW - LATIN SMALL LETTER ESH
448,ʒ,LATIN SMALL LETTER EZH
449,d̠ʒ,LATIN SMALL LETTER D - COMBINING MINUS SIGN BELOW - LATIN SMALL LETTER EZH
450,t̠ʃ,LATIN SMALL LETTER T - COMBINING MINUS SIGN BELOW - LATIN SMALL LETTER ESH
451,w,LATIN SMALL LETTER W
452,ʒ,LATIN SMALL LETTER EZH
453,k,LATIN SMALL LETTER K
454,kʲ,LATIN SMALL LETTER K - MODIFIER LETTER SMALL J
455,p,LATIN SMALL LETTER P
456,pʲ,LATIN SMALL LETTER P - MODIFIER LETTER SMALL J
457,f,LATIN SMALL LETTER F
458,k,LATIN SMALL LETTER K
459,ɬ,LATIN SMALL LETTER L WITH BELT
460,ɮ,LATIN SMALL LETTER LEZH
461,ɮʲ,LATIN SMALL LETTER LEZH - MODIFIER LETTER SMALL J
462,pʰ,LATIN SMALL LETTER P - MODIFIER LETTER SMALL H
463,pʲʰ,LATIN SMALL LETTER P - MODIFIER LETTER SMALL J - MODIFIER LETTER SMALL H
464,r,LATIN SMALL LETTER R
465,rʲ,LATIN SMALL LETTER R - MODIFIER LETTER SMALL J
466,w,LATIN SMALL LETTER W
467,wʲ,LATIN SMALL LETTER W - MODIFIER LETTER SMALL J
468,s,LATIN SMALL LETTER S
469,q,LATIN SMALL LETTER Q
470,b,LATIN SMALL LETTER B
471,d,LATIN SMALL LETTER D
472,d̠ʒ,LATIN SMALL LETTER D - COMBINING MINUS SIGN BELOW - LATIN SMALL LETTER EZH
473,f,LATIN SMALL LETTER F
474,ɣ,LATIN SMALL LETTER GAMMA
475,k,LATIN SMALL LETTER K
476,u,LATIN SMALL LETTER U
477,ɡ,LATIN SMALL LETTER SCRIPT G
478,k,LATIN SMALL LETTER K
479,n,LATIN SMALL LETTER N
480,ŋ,LATIN SMALL LETTER ENG
481,c,LATIN SMALL LETTER C
482,f,LATIN SMALL LETTER F
483,l,LATIN SMALL LETTER L
484,xʷ,LATIN SMALL LETTER X - MODIFIER LETTER SMALL W
485,f,LATIN SMALL LETTER F
486,ɡ,LATIN SMALL LETTER SCRIPT G
487,aː,LATIN SMALL LETTER A - MODIFIER LETTER TRIANGULAR COLON
488,e,LATIN SMALL LETTER E
489,o,LATIN SMALL LETTER O
490,oː,LATIN SMALL LETTER O - MODIFIER LETTER TRIANGULAR COLON
491,ɡ,LATIN SMALL LETTER SCRIPT G
492,t̠ʃ,LATIN SMALL LETTER T - COMBINING MINUS SIGN BELOW - LATIN SMALL LETTER ESH
493,f,LATIN SMALL LETTER F
494,ts,LATIN SMALL LETTER T - LATIN SMALL LETTER S
495,t̠ʃ,LATIN SMALL LETTER T - COMBINING MINUS SIGN BELOW - LATIN SMALL LETTER ESH
496,f,LATIN SMALL LETTER F
497,k,LATIN SMALL LETTER K
498,ɡ,LATIN SMALL LETTER SCRIPT G
499,d̠ʒ,LATIN SMALL LETTER D - COMBINING MINUS SIGN BELOW - LATIN SMALL LETTER EZH
500,ɔ,LATIN SMALL LETTER OPEN O
501,ɔː,LATIN SMALL LETTER OPEN O - MODIFIER LETTER TRIANGULAR COLON
502,qʷʼ,LATIN SMALL LETTER Q - MODIFIER LETTER SMALL W - MODIFIER LETTER APOSTROPHE
503,qʼ,LATIN SMALL LETTER Q - MODIFIER LETTER APOSTROPHE
504,χ,GREEK SMALL LETTER CHI
505,χʷ,GREEK SMALL LETTER CHI - MODIFIER LETTER SMALL W
506,ɡ,LATIN SMALL LETTER SCRIPT G
507,mb,LATIN SMALL LETTER M - LATIN SMALL LETTER B
508,r,LATIN SMALL LETTER R
509,ɾ,LATIN SMALL LETTER R WITH FISHHOOK
510,l,LATIN SMALL LETTER L
511,r,LATIN SMALL LETTER R
512,ɕː,LATIN SMALL LETTER C WITH CURL - MODIFIER LETTER TRIANGULAR COLON
513,f,LATIN SMALL LETTER F
514,ʒ,LATIN SMALL LETTER EZH
515,b,LATIN SMALL LETTER B
516,b,LATIN SMALL LETTER B
517,d,LATIN SMALL LETTER D
518,f,LATIN SMALL LETTER F
519,ɡ,LATIN SMALL LETTER SCRIPT G
520,l,LATIN SMALL LETTER L
521,r,LATIN SMALL LETTER R
522,ɾ,LATIN SMALL LETTER R WITH FISHHOOK
523,ɾ,LATIN SMALL LETTER R WITH FISHHOOK
524,h,LATIN SMALL LETTER H
525,ð,LATIN SMALL LETTER ETH
526,f,LATIN SMALL LETTER F
527,ɣʷ,LATIN SMALL LETTER GAMMA - MODIFIER LETTER SMALL W
528,l,LATIN SMALL LETTER L
529,ʎ,LATIN SMALL LETTER TURNED Y
530,r,LATIN SMALL LETTER R
531,t̠ʃ,LATIN SMALL LETTER T - COMBINING MINUS SIGN BELOW - LATIN SMALL LETTER ESH
532,xʷ,LATIN SMALL LETTER X - MODIFIER LETTER SMALL W
533,nd,LATIN SMALL LETTER N - LATIN SMALL LETTER D
534,ŋɡ,LATIN SMALL LETTER ENG - LATIN SMALL LETTER SCRIPT G
535,b,LATIN SMALL LETTER B
536,d,LATIN SMALL LETTER D
537,f,LATIN SMALL LETTER F
538,ɡ,LATIN SMALL LETTER SCRIPT G
539,b,LATIN SMALL LETTER B
540,d,LATIN SMALL LETTER D
541,f,LATIN SMALL LETTER F
542,ɡ,LATIN SMALL LETTER SCRIPT G
543,l,LATIN SMALL LETTER L
544,ɲ,LATIN SMALL LETTER N WITH LEFT HOOK
545,ðˤ,LATIN SMALL LETTER ETH - MODIFIER LETTER SMALL REVERSED GLOTTAL STOP
546,ɸ,LATIN SMALL LETTER PHI
547,t̠ʃ,LATIN SMALL LETTER T - COMBINING MINUS SIGN BELOW - LATIN SMALL LETTER ESH
548,ɡ,LATIN SMALL LETTER SCRIPT G
549,m,LATIN SMALL LETTER M
550,t̠ʃ,LATIN SMALL LETTER T - COMBINING MINUS SIGN BELOW - LATIN SMALL LETTER ESH
551,z,LATIN SMALL LETTER Z
552,ʈ,LATIN SMALL LETTER T WITH RETROFLEX HOOK
553,ɡ,LATIN SMALL LETTER SCRIPT G
554,f,LATIN SMALL LETTER F
555,f,LATIN SMALL LETTER F
556,p,LATIN SMALL LETTER P
557,ʃ,LATIN SMALL LETTER ESH
558,v,LATIN SMALL LETTER V
559,z,LATIN SMALL LETTER Z
560,ʒ,LATIN SMALL LETTER EZH
561,ɣ,LATIN SMALL LETTER GAMMA
562,p,LATIN SMALL LETTER P
563,ɸʷ,LATIN SMALL LETTER PHI - MODIFIER LETTER SMALL W
564,ħ,LATIN SMALL LETTER H WITH STROKE
565,rː,LATIN SMALL LETTER R - MODIFIER LETTER TRIANGULAR COLON
566,t̠ʃ,LATIN SMALL LETTER T - COMBINING MINUS SIGN BELOW - LATIN SMALL LETTER ESH
567,zˤ,LATIN SMALL LETTER Z - MODIFIER LETTER SMALL REVERSED GLOTTAL STOP
568,ɪ,LATIN LETTER SMALL CAPITAL I
569,pʷ,LATIN SMALL LETTER P - MODIFIER LETTER SMALL W
570,pʷʰ,LATIN SMALL LETTER P - MODIFIER LETTER SMALL W - MODIFIER LETTER SMALL H
571,sʷ,LATIN SMALL LETTER S - MODIFIER LETTER SMALL W
572,tsʲʰ,LATIN SMALL LETTER T - LATIN SMALL LETTER S - MODIFIER LETTER SMALL J - MODIFIER LETTER SMALL H
573,tsʷ,LATIN SMALL LETTER T - LATIN SMALL LETTER S - MODIFIER LETTER SMALL W
574,tsʷʰ,LATIN SMALL LETTER T - LATIN SMALL LETTER S - MODIFIER LETTER SMALL W - MODIFIER LETTER SMALL H
575,d̠ʒ,LATIN SMALL LETTER D - COMBINING MINUS SIGN BELOW - LATIN SMALL LETTER EZH
576,f,LATIN SMALL LETTER F
577,ɣ,LATIN SMALL LETTER GAMMA
578,ħ,LATIN SMALL LETTER H WITH STROKE
579,t̠ʃ,LATIN SMALL LETTER T - COMBINING MINUS SIGN BELOW - LATIN SMALL LETTER ESH
580,ʕ,LATIN LETTER PHARYNGEAL VOICED FRICATIVE
581,f,LATIN SMALL LETTER F
582,d,LATIN SMALL LETTER D
583,k,LATIN SMALL LETTER K
584,p,LATIN SMALL LETTER P
585,ʔ,LATIN LETTER GLOTTAL STOP
586,ɖʐ,LATIN SMALL LETTER D WITH TAIL - LATIN SMALL LETTER Z WITH RETROFLEX HOOK
587,ɲ̊,LATIN SMALL LETTER N WITH LEFT HOOK - COMBINING RING ABOVE
588,ŋ̊,LATIN SMALL LETTER ENG - COMBINING RING ABOVE
589,ʈʂ,LATIN SMALL LETTER T WITH RETROFLEX HOOK - LATIN SMALL LETTER S WITH HOOK
590,ʈʂʰ,LATIN SMALL LETTER T WITH RETROFLEX HOOK - LATIN SMALL LETTER S WITH HOOK - MODIFIER LETTER SMALL H
591,ɕː,LATIN SMALL LETTER C WITH CURL - MODIFIER LETTER TRIANGULAR COLON
592,dʲ,LATIN SMALL LETTER D - MODIFIER LETTER SMALL J
593,f,LATIN SMALL LETTER F
594,tʲ,LATIN SMALL LETTER T - MODIFIER LETTER SMALL J
595,ts,LATIN SMALL LETTER T - LATIN SMALL LETTER S
596,v,LATIN SMALL LETTER V
597,ə,LATIN SMALL LETTER SCHWA
598,əː,LATIN SMALL LETTER SCHWA - MODIFIER LETTER TRIANGULAR COLON
599,ɲ,LATIN SMALL LETTER N WITH LEFT HOOK
600,ɲː,LATIN SMALL LETTER N WITH LEFT HOOK - MODIFIER LETTER TRIANGULAR COLON
601,ɸ,LATIN SMALL LETTER PHI
602,ʃ,LATIN SMALL LETTER ESH
603,f,LATIN SMALL LETTER F
604,s,LATIN SMALL LETTER S
605,ç,LATIN SMALL LETTER C WITH CEDILLA
606,dz,LATIN SMALL LETTER D - LATIN SMALL LETTER Z
607,d̠ʒ,LATIN SMALL LETTER D - COMBINING MINUS SIGN BELOW - LATIN SMALL LETTER EZH
608,ɛ,LATIN SMALL LETTER OPEN E
609,f,LATIN SMALL LETTER F
610,ɟ,LATIN SMALL LETTER DOTLESS J WITH STROKE
611,ɔ,LATIN SMALL LETTER OPEN O
612,f,LATIN SMALL LETTER F
613,ɸ,LATIN SMALL LETTER PHI
614,ɾ,LATIN SMALL LETTER R WITH FISHHOOK
615,sʼ,LATIN SMALL LETTER S - MODIFIER LETTER APOSTROPHE
616,χ,GREEK SMALL LETTER CHI
617,ð,LATIN SMALL LETTER ETH
618,ɛ,LATIN SMALL LETTER OPEN E
619,ɣ,LATIN SMALL LETTER GAMMA
620,ɔ,LATIN SMALL LETTER OPEN O
621,ɸ,LATIN SMALL LETTER PHI
622,r,LATIN SMALL LETTER R
623,ʃ,LATIN SMALL LETTER ESH
624,β,GREEK SMALL LETTER BETA
625,ɾ,LATIN SMALL LETTER R WITH FISHHOOK
626,b,LATIN SMALL LETTER B
627,d,LATIN SMALL LETTER D
628,ɡ,LATIN SMALL LETTER SCRIPT G
629,r,LATIN SMALL LETTER R
630,ç,LATIN SMALL LETTER C WITH CEDILLA
631,ɣ,LATIN SMALL LETTER GAMMA
632,x,LATIN SMALL LETTER X
633,f,LATIN SMALL LETTER F
634,mb,LATIN SMALL LETTER M - LATIN SMALL LETTER B
635,nd,LATIN SMALL LETTER N - LATIN SMALL LETTER D
636,ɲɟ,LATIN SMALL LETTER N WITH LEFT HOOK - LATIN SMALL LETTER DOTLESS J WITH STROKE
637,ŋɡ,LATIN SMALL LETTER ENG - LATIN SMALL LETTER SCRIPT G
638,ʃ,LATIN SMALL LETTER ESH
639,z,LATIN SMALL LETTER Z
640,f,LATIN SMALL LETTER F
641,ʃ,LATIN SMALL LETTER ESH
642,v,LATIN SMALL LETTER V
643,x,LATIN SMALL LETTER X
644,z,LATIN SMALL LETTER Z
645,k,LATIN SMALL LETTER K
646,r,LATIN SMALL LETTER R
647,pʃʰ,LATIN SMALL LETTER P - LATIN SMALL LETTER ESH - MODIFIER LETTER SMALL H
648,r,LATIN SMALL LETTER R
649,ɹ,LATIN SMALL LETTER TURNED R
650,f,LATIN SMALL LETTER F
651,ɡ,LATIN SMALL LETTER SCRIPT G
652,c,LATIN SMALL LETTER C
653,kʰ,LATIN SMALL LETTER K - MODIFIER LETTER SMALL H
654,ɸ,LATIN SMALL LETTER PHI
655,e,LATIN SMALL LETTER E
656,f,LATIN SMALL LETTER F
657,o,LATIN SMALL LETTER O
658,t̠ʃ,LATIN SMALL LETTER T - COMBINING MINUS SIGN BELOW - LATIN SMALL LETTER ESH
659,d̠ʒ,LATIN SMALL LETTER D - COMBINING MINUS SIGN BELOW - LATIN SMALL LETTER EZH
660,e,LATIN SMALL LETTER E
661,ɡ,LATIN SMALL LETTER SCRIPT G
662,b,LATIN SMALL LETTER B
663,f,LATIN SMALL LETTER F
664,ɡ,LATIN SMALL LETTER SCRIPT G
665,ɣ,LATIN SMALL LETTER GAMMA
666,β,GREEK SMALL LETTER BETA
667,b,LATIN SMALL LETTER B
668,ɡ,LATIN SMALL LETTER SCRIPT G
669,a,LATIN SMALL LETTER A
670,ɕː,LATIN SMALL LETTER C WITH CURL - MODIFIER LETTER TRIANGULAR COLON
671,ɛ,LATIN SMALL LETTER OPEN E
672,f,LATIN SMALL LETTER F
673,ɨ,LATIN SMALL LETTER I WITH STROKE
674,ɔ,LATIN SMALL LETTER OPEN O
675,tɕ,LATIN SMALL LETTER T - LATIN SMALL LETTER C WITH CURL
676,ts,LATIN SMALL LETTER T - LATIN SMALL LETTER S
677,v,LATIN SMALL LETTER V
678,ɾ,LATIN SMALL LETTER R WITH FISHHOOK
679,z,LATIN SMALL LETTER Z
680,b,LATIN SMALL LETTER B
681,ɡ,LATIN SMALL LETTER SCRIPT G
682,d,LATIN SMALL LETTER D
683,ɡ,LATIN SMALL LETTER SCRIPT G
684,p,LATIN SMALL LETTER P
685,b̤,LATIN SMALL LETTER B - COMBINING DIAERESIS BELOW
686,d̤,LATIN SMALL LETTER D - COMBINING DIAERESIS BELOW
687,d̠̤ʒ̤,LATIN SMALL LETTER D - COMBINING MINUS SIGN BELOW - COMBINING DIAERESIS BELOW - LATIN SMALL LETTER EZH - COMBINING DIAERESIS BELOW
688,ɖ̤,LATIN SMALL LETTER D WITH TAIL - COMBINING DIAERESIS BELOW
689,f,LATIN SMALL LETTER F
690,ɡ̤,LATIN SMALL LETTER SCRIPT G - COMBINING DIAERESIS BELOW
691,h,LATIN SMALL LETTER H
692,kʰ,LATIN SMALL LETTER K - MODIFIER LETTER SMALL H
693,ɭ,LATIN SMALL LETTER L WITH RETROFLEX HOOK
694,ɳ,LATIN SMALL LETTER N WITH RETROFLEX HOOK
695,pʰ,LATIN SMALL LETTER P - MODIFIER LETTER SMALL H
696,ʂ,LATIN SMALL LETTER S WITH HOOK
697,ʃ,LATIN SMALL LETTER ESH
698,tʰ,LATIN SMALL LETTER T - MODIFIER LETTER SMALL H
699,t̠ʃʰ,LATIN SMALL LETTER T - COMBINING MINUS SIGN BELOW - LATIN SMALL LETTER ESH - MODIFIER LETTER SMALL H
700,ʈʰ,LATIN SMALL LETTER T WITH RETROFLEX HOOK - MODIFIER LETTER SMALL H
701,ŋ,LATIN SMALL LETTER ENG
702,ʔ,LATIN LETTER GLOTTAL STOP
703,f,LATIN SMALL LETTER F
704,ɾ,LATIN SMALL LETTER R WITH FISHHOOK
705,s,LATIN SMALL LETTER S
706,b,LATIN SMALL LETTER B
707,d,LATIN SMALL LETTER D
708,ð,LATIN SMALL LETTER ETH
709,ɛ,LATIN SMALL LETTER OPEN E
710,ɛː,LATIN SMALL LETTER OPEN E - MODIFIER LETTER TRIANGULAR COLON
711,f,LATIN SMALL LETTER F
712,ɡ,LATIN SMALL LETTER SCRIPT G
713,o,LATIN SMALL LETTER O
714,oː,LATIN SMALL LETTER O - MODIFIER LETTER TRIANGULAR COLON
715,v,LATIN SMALL LETTER V
716,ɾ,LATIN SMALL LETTER R WITH FISHHOOK
717,d̠ʒ,LATIN SMALL LETTER D - COMBINING MINUS SIGN BELOW - LATIN SMALL LETTER EZH
718,f,LATIN SMALL LETTER F
719,ɡ,LATIN SMALL LETTER SCRIPT G
720,h,LATIN SMALL LETTER H
721,t̠ʃ,LATIN SMALL LETTER T - COMBINING MINUS SIGN BELOW - LATIN SMALL LETTER ESH
722,v,LATIN SMALL LETTER V
723,f,LATIN SMALL LETTER F
724,f,LATIN SMALL LETTER F
725,ɾ,LATIN SMALL LETTER R WITH FISHHOOK
726,dz,LATIN SMALL LETTER D - LATIN SMALL LETTER Z
727,ʝ,LATIN SMALL LETTER J WITH CROSSED-TAIL
728,ɬ,LATIN SMALL LETTER L WITH BELT
729,l,LATIN SMALL LETTER L
730,b,LATIN SMALL LETTER B
731,d,LATIN SMALL LETTER D
732,ɡ,LATIN SMALL LETTER SCRIPT G
733,f,LATIN SMALL LETTER F
734,ʒ,LATIN SMALL LETTER EZH
735,ʒ,LATIN SMALL LETTER EZH
736,c,LATIN SMALL LETTER C
737,f,LATIN SMALL LETTER F
738,s,LATIN SMALL LETTER S
739,ʃː,LATIN SMALL LETTER ESH - MODIFIER LETTER TRIANGULAR COLON
740,v,LATIN SMALL LETTER V
741,x,LATIN SMALL LETTER X
742,z,LATIN SMALL LETTER Z
743,ʒ,LATIN SMALL LETTER EZH
744,d̠ʒ,LATIN SMALL LETTER D - COMBINING MINUS SIGN BELOW - LATIN SMALL LETTER EZH
745,dˤ,LATIN SMALL LETTER D - MODIFIER LETTER SMALL REVERSED GLOTTAL STOP
746,ðˤ,LATIN SMALL LETTER ETH - MODIFIER LETTER SMALL REVERSED GLOTTAL STOP
747,t̠ʃ,LATIN SMALL LETTER T - COMBINING MINUS SIGN BELOW - LATIN SMALL LETTER ESH
748,ʒ,LATIN SMALL LETTER EZH
749,b,LATIN SMALL LETTER B
750,d,LATIN SMALL LETTER D
751,ɡ,LATIN SMALL LETTER SCRIPT G
752,b,LATIN SMALL LETTER B
753,d,LATIN SMALL LETTER D
754,f,LATIN SMALL LETTER F
755,ɡ,LATIN SMALL LETTER SCRIPT G
756,r,LATIN SMALL LETTER R
757,f,LATIN SMALL LETTER F
758,ts,LATIN SMALL LETTER T - LATIN SMALL LETTER S
759,x,LATIN SMALL LETTER X
760,w,LATIN SMALL LETTER W
761,d̠ʒ,LATIN SMALL LETTER D - COMBINING MINUS SIGN BELOW - LATIN SMALL LETTER EZH
762,e,LATIN SMALL LETTER E
763,f,LATIN SMALL LETTER F
764,ts,LATIN SMALL LETTER T - LATIN SMALL LETTER S
765,v,LATIN SMALL LETTER V
766,ʔ,LATIN LETTER GLOTTAL STOP
767,χ,GREEK SMALL LETTER CHI
768,dz,LATIN SMALL LETTER D - LATIN SMALL LETTER Z
769,dzʲ,LATIN SMALL LETTER D - LATIN SMALL LETTER Z - MODIFIER LETTER SMALL J
770,f,LATIN SMALL LETTER F
771,ɡ,LATIN SMALL LETTER SCRIPT G
772,ʕ,LATIN LETTER PHARYNGEAL VOICED FRICATIVE
773,ɡ,LATIN SMALL LETTER SCRIPT G
774,o,LATIN SMALL LETTER O
775,p,LATIN SMALL LETTER P
776,ʃ,LATIN SMALL LETTER ESH
777,ɕː,LATIN SMALL LETTER C WITH CURL - MODIFIER LETTER TRIANGULAR COLON
778,ts,LATIN SMALL LETTER T - LATIN SMALL LETTER S
779,ʔ,LATIN LETTER GLOTTAL STOP
780,s,LATIN SMALL LETTER S
781,ɡ,LATIN SMALL LETTER SCRIPT G
782,l,LATIN SMALL LETTER L
783,d̠ʒ,LATIN SMALL LETTER D - COMBINING MINUS SIGN BELOW - LATIN SMALL LETTER EZH
784,f,LATIN SMALL LETTER F
785,h,LATIN SMALL LETTER H
786,l,LATIN SMALL LETTER L
787,r,LATIN SMALL LETTER R
788,w,LATIN SMALL LETTER W
789,d̠ʒ,LATIN SMALL LETTER D - COMBINING MINUS SIGN BELOW - LATIN SMALL LETTER EZH
790,ɔː,LATIN SMALL LETTER OPEN O - MODIFIER LETTER TRIANGULAR COLON
791,ʃ,LATIN SMALL LETTER ESH
792,t̠ʃ,LATIN SMALL LETTER T - COMBINING MINUS SIGN BELOW - LATIN SMALL LETTER ESH
793,z,LATIN SMALL LETTER Z
794,b,LATIN SMALL LETTER B
795,d̠ʒ,LATIN SMALL LETTER D - COMBINING MINUS SIGN BELOW - LATIN SMALL LETTER EZH
796,ɡ,LATIN SMALL LETTER SCRIPT G
797,ŋ,LATIN SMALL LETTER ENG
798,b,LATIN SMALL LETTER B
799,d̠ʒ,LATIN SMALL LETTER D - COMBINING MINUS SIGN BELOW - LATIN SMALL LETTER EZH
800,t̠ʃ,LATIN SMALL LETTER T - COMBINING MINUS SIGN BELOW - LATIN SMALL LETTER ESH
801,f,LATIN SMALL LETTER F
802,ɬ,LATIN SMALL LETTER L WITH BELT
803,s,LATIN SMALL LETTER S
804,ʈʂ,LATIN SMALL LETTER T WITH RETROFLEX HOOK - LATIN SMALL LETTER S WITH HOOK
805,c,LATIN SMALL LETTER C
806,ʁ,LATIN LETTER SMALL CAPITAL INVERTED R
807,ʔ,LATIN LETTER GLOTTAL STOP
808,ʕ,LATIN LETTER PHARYNGEAL VOICED FRICATIVE
809,d,LATIN SMALL LETTER D
810,o̞,LATIN SMALL LETTER O - COMBINING DOWN TACK BELOW
811,ʒ,LATIN SMALL LETTER EZH
812,pʰ,LATIN SMALL LETTER P - MODIFIER LETTER SMALL H
813,d,LATIN SMALL LETTER D
814,p,LATIN SMALL LETTER P
815,kʰ,LATIN SMALL LETTER K - MODIFIER LETTER SMALL H
816,l̥,LATIN SMALL LETTER L - COMBINING RING BELOW
817,ɸ,LATIN SMALL LETTER PHI
818,β,GREEK SMALL LETTER BETA
819,ɑ,LATIN SMALL LETTER ALPHA
820,f,LATIN SMALL LETTER F
821,fː,LATIN SMALL LETTER F - MODIFIER LETTER TRIANGULAR COLON
822,ɪ̈,LATIN LETTER SMALL CAPITAL I - COMBINING DIAERESIS
823,q,LATIN SMALL LETTER Q
824,qː,LATIN SMALL LETTER Q - MODIFIER LETTER TRIANGULAR COLON
825,ɽ̃,LATIN SMALL LETTER R WITH TAIL - COMBINING TILDE
826,ʁ,LATIN LETTER SMALL CAPITAL INVERTED R
827,ʂ,LATIN SMALL LETTER S WITH HOOK
828,ʃː,LATIN SMALL LETTER ESH - MODIFIER LETTER TRIANGULAR COLON
829,z,LATIN SMALL LETTER Z
830,zː,LATIN SMALL LETTER Z - MODIFIER LETTER TRIANGULAR COLON
831,ʒ,LATIN SMALL LETTER EZH
832,ʔ,LATIN LETTER GLOTTAL STOP
833,χ,GREEK SMALL LETTER CHI
834,v,LATIN SMALL LETTER V
835,ts,LATIN SMALL LETTER T - LATIN SMALL LETTER S
836,tsʲ,LATIN SMALL LETTER T - LATIN SMALL LETTER S - MODIFIER LETTER SMALL J
837,r,LATIN SMALL LETTER R
838,β,GREEK SMALL LETTER BETA
839,b,LATIN SMALL LETTER B
840,d,LATIN SMALL LETTER D
841,ð,LATIN SMALL LETTER ETH
842,ɡ,LATIN SMALL LETTER SCRIPT G
843,x,LATIN SMALL LETTER X
844,s,LATIN SMALL LETTER S
845,r,LATIN SMALL LETTER R
846,ŋ,LATIN SMALL LETTER ENG
847,aː,LATIN SMALL LETTER A - MODIFIER LETTER TRIANGULAR COLON
848,eː,LATIN SMALL LETTER E - MODIFIER LETTER TRIANGULAR COLON
849,iː,LATIN SMALL LETTER I - MODIFIER LETTER TRIANGULAR COLON
850,oː,LATIN SMALL LETTER O - MODIFIER LETTER TRIANGULAR COLON
851,ɾ,LATIN SMALL LETTER R WITH FISHHOOK
852,uː,LATIN SMALL LETTER U - MODIFIER LETTER TRIANGULAR COLON
853,cʰ,LATIN SMALL LETTER C - MODIFIER LETTER SMALL H
854,ɟ,LATIN SMALL LETTER DOTLESS J WITH STROKE
855,ʎ,LATIN SMALL LETTER TURNED Y
856,ʔ,LATIN LETTER GLOTTAL STOP
857,dz,LATIN SMALL LETTER D - LATIN SMALL LETTER Z
858,f,LATIN SMALL LETTER F
859,ɹ̤,LATIN SMALL LETTER TURNED R - COMBINING DIAERESIS BELOW
860,ʃ,LATIN SMALL LETTER ESH
861,t̠ʃ,LATIN SMALL LETTER T - COMBINING MINUS SIGN BELOW - LATIN SMALL LETTER ESH
862,b,LATIN SMALL LETTER B
863,d,LATIN SMALL LETTER D
864,ð,LATIN SMALL LETTER ETH
865,f,LATIN SMALL LETTER F
866,ɡ,LATIN SMALL LETTER SCRIPT G
867,ŋ,LATIN SMALL LETTER ENG
868,v,LATIN SMALL LETTER V
869,y,LATIN SMALL LETTER Y
870,z,LATIN SMALL LETTER Z
871,ʒ,LATIN SMALL LETTER EZH
872,d̠ʒ,LATIN SMALL LETTER D - COMBINING MINUS SIGN BELOW - LATIN SMALL LETTER EZH
873,ɔː,LATIN SMALL LETTER OPEN O - MODIFIER LETTER TRIANGULAR COLON
874,b,LATIN SMALL LETTER B
875,d,LATIN SMALL LETTER D
876,dʲ,LATIN SMALL LETTER D - MODIFIER LETTER SMALL J
877,f,LATIN SMALL LETTER F
878,ɡ,LATIN SMALL LETTER SCRIPT G
879,ɲ,LATIN SMALL LETTER N WITH LEFT HOOK
880,ʃ,LATIN SMALL LETTER ESH
881,tʲ,LATIN SMALL LETTER T - MODIFIER LETTER SMALL J
882,ts,LATIN SMALL LETTER T - LATIN SMALL LETTER S
883,t̠ʃ,LATIN SMALL LETTER T - COMBINING MINUS SIGN BELOW - LATIN SMALL LETTER ESH
884,f,LATIN SMALL LETTER F
885,q,LATIN SMALL LETTER Q
886,r,LATIN SMALL LETTER R
887,ɡ,LATIN SMALL LETTER SCRIPT G
888,ɲ,LATIN SMALL LETTER N WITH LEFT HOOK
889,ʔ,LATIN LETTER GLOTTAL STOP
890,x,LATIN SMALL LETTER X
891,f,LATIN SMALL LETTER F
892,x,LATIN SMALL LETTER X
893,e,LATIN SMALL LETTER E
894,b,LATIN SMALL LETTER B
895,d,LATIN SMALL LETTER D
896,d̠ʒ,LATIN SMALL LETTER D - COMBINING MINUS SIGN BELOW - LATIN SMALL LETTER EZH
897,ɖ,LATIN SMALL LETTER D WITH TAIL
898,f,LATIN SMALL LETTER F
899,ɡ,LATIN SMALL LETTER SCRIPT G
900,ɲ,LATIN SMALL LETTER N WITH LEFT HOOK
901,s,LATIN SMALL LETTER S
902,z,LATIN SMALL LETTER Z
903,bʱ,LATIN SMALL LETTER B - MODIFIER LETTER SMALL H WITH HOOK
904,dʱ,LATIN SMALL LETTER D - MODIFIER LETTER SMALL H WITH HOOK
905,dz,LATIN SMALL LETTER D - LATIN SMALL LETTER Z
906,dzʱ,LATIN SMALL LETTER D - LATIN SMALL LETTER Z - MODIFIER LETTER SMALL H WITH HOOK
907,ɡʱ,LATIN SMALL LETTER SCRIPT G - MODIFIER LETTER SMALL H WITH HOOK
908,ʌ,LATIN SMALL LETTER TURNED V
909,d̪,LATIN SMALL LETTER D - COMBINING BRIDGE BELOW
910,oː,LATIN SMALL LETTER O - MODIFIER LETTER TRIANGULAR COLON
911,ɓ,LATIN SMALL LETTER B WITH HOOK
912,ɗ,LATIN SMALL LETTER D WITH HOOK
913,ɨə̯,LATIN SMALL LETTER I WITH STROKE - LATIN SMALL LETTER SCHWA - COMBINING INVERTED BREVE BELOW
914,uə̯,LATIN SMALL LETTER U - LATIN SMALL LETTER SCHWA - COMBINING INVERTED BREVE BELOW
915,ŋ,LATIN SMALL LETTER ENG
916,dz,LATIN SMALL LETTER D - LATIN SMALL LETTER Z
917,ts,LATIN SMALL LETTER T - LATIN SMALL LETTER S
918,æ,LATIN SMALL LETTER AE
919,f,LATIN SMALL LETTER F
920,ɣ,LATIN SMALL LETTER GAMMA
921,x,LATIN SMALL LETTER X
922,ɡ,LATIN SMALL LETTER SCRIPT G
923,l,LATIN SMALL LETTER L
924,ɛ,LATIN SMALL LETTER OPEN E
925,ɨ,LATIN SMALL LETTER I WITH STROKE
926,p,LATIN SMALL LETTER P
927,bʷ,LATIN SMALL LETTER B - MODIFIER LETTER SMALL W
928,f,LATIN SMALL LETTER F
929,ts,LATIN SMALL LETTER T - LATIN SMALL LETTER S
930,r,LATIN SMALL LETTER R
931,f,LATIN SMALL LETTER F
932,fʲ,LATIN SMALL LETTER F - MODIFIER LETTER SMALL J
933,ɸ,LATIN SMALL LETTER PHI
934,x,LATIN SMALL LETTER X
935,d,LATIN SMALL LETTER D
936,ɡ,LATIN SMALL LETTER SCRIPT G
937,h,LATIN SMALL LETTER H
938,l,LATIN SMALL LETTER L
939,v,LATIN SMALL LETTER V
940,z,LATIN SMALL LETTER Z
941,f,LATIN SMALL LETTER F
942,k,LATIN SMALL LETTER K
943,ɬ,LATIN SMALL LETTER L WITH BELT
944,ɮ,LATIN SMALL LETTER LEZH
945,ɮʲ,LATIN SMALL LETTER LEZH - MODIFIER LETTER SMALL J
946,pʰ,LATIN SMALL LETTER P - MODIFIER LETTER SMALL H
947,pʲʰ,LATIN SMALL LETTER P - MODIFIER LETTER SMALL J - MODIFIER LETTER SMALL H
948,tʲ,LATIN SMALL LETTER T - MODIFIER LETTER SMALL J
949,ʊa,LATIN SMALL LETTER UPSILON - LATIN SMALL LETTER A
950,ʊai,LATIN SMALL LETTER UPSILON - LATIN SMALL LETTER A - LATIN SMALL LETTER I
951,w,LATIN SMALL LETTER W
952,dz,LATIN SMALL LETTER D - LATIN SMALL LETTER Z
953,d̤z̤,LATIN SMALL LETTER D - COMBINING DIAERESIS BELOW - LATIN SMALL LETTER Z - COMBINING DIAERESIS BELOW
954,ɡ,LATIN SMALL LETTER SCRIPT G
955,ɡ̤,LATIN SMALL LETTER SCRIPT G - COMBINING DIAERESIS BELOW
956,s,LATIN SMALL LETTER S
957,d̤ɮ̤,LATIN SMALL LETTER D - COMBINING DIAERESIS BELOW - LATIN SMALL LETTER LEZH - COMBINING DIAERESIS BELOW
958,ɬ,LATIN SMALL LETTER L WITH BELT
959,m̤,LATIN SMALL LETTER M - COMBINING DIAERESIS BELOW
960,n̤,LATIN SMALL LETTER N - COMBINING DIAERESIS BELOW
961,ndl,LATIN SMALL LETTER N - LATIN SMALL LETTER D - LATIN SMALL LETTER L
962,n̤d̤ɮ̤,LATIN SMALL LETTER N - COMBINING DIAERESIS BELOW - LATIN SMALL LETTER D - COMBINING DIAERESIS BELOW - LATIN SMALL LETTER LEZH - COMBINING DIAERESIS BELOW
963,ʃ,LATIN SMALL LETTER ESH
964,tl,LATIN SMALL LETTER T - LATIN SMALL LETTER L
965,tlʱ,LATIN SMALL LETTER T - LATIN SMALL LETTER L - MODIFIER LETTER SMALL H WITH HOOK
966,l,LATIN SMALL LETTER L
967,b,LATIN SMALL LETTER B
968,f,LATIN SMALL LETTER F
969,h,LATIN SMALL LETTER H
970,l,LATIN SMALL LETTER L
971,s,LATIN SMALL LETTER S
972,t,LATIN SMALL LETTER T
973,x,LATIN SMALL LETTER X
974,z,LATIN SMALL LETTER Z
975,ð,LATIN SMALL LETTER ETH
976,ħ,LATIN SMALL LETTER H WITH STROKE
977,ɱ,LATIN SMALL LETTER M WITH HOOK
978,ŋ,LATIN SMALL LETTER ENG
979,q,LATIN SMALL LETTER Q
980,ɽ,LATIN SMALL LETTER R WITH TAIL
981,x,LATIN SMALL LETTER X
982,ʔ,LATIN LETTER GLOTTAL STOP
983,θ,GREEK SMALL LETTER THETA
984,ʎ,LATIN SMALL LETTER TURNED Y
985,d,LATIN SMALL LETTER D
986,ɛː,LATIN SMALL LETTER OPEN E - MODIFIER LETTER TRIANGULAR COLON
987,o,LATIN SMALL LETTER O
988,ɘ,LATIN SMALL LETTER REVERSED E
989,t̪,LATIN SMALL LETTER T - COMBINING BRIDGE BELOW
990,ə,LATIN SMALL LETTER SCHWA
991,e,LATIN SMALL LETTER E
992,t̪,LATIN SMALL LETTER T - COMBINING BRIDGE BELOW
993,l,LATIN SMALL LETTER L
994,ɭ,LATIN SMALL LETTER L WITH RETROFLEX HOOK
995,ʃ,LATIN SMALL LETTER ESH
996,t,LATIN SMALL LETTER T
997,cç,LATIN SMALL LETTER C - LATIN SMALL LETTER C WITH CEDILLA
998,f,LATIN SMALL LETTER F
999,s,LATIN SMALL LETTER S
1000,ʃ,LATIN SMALL LETTER ESH
1001,n̪,LATIN SMALL LETTER N - COMBINING BRIDGE BELOW
1002,o,LATIN SMALL LETTER O
1003,s,LATIN SMALL LETTER S
1004,t̪,LATIN SMALL LETTER T - COMBINING BRIDGE BELOW
1005,v,LATIN SMALL LETTER V
1006,o,LATIN SMALL LETTER O
1007,e,LATIN SMALL LETTER E
1008,eː,LATIN SMALL LETTER E - MODIFIER LETTER TRIANGULAR COLON
1009,o,LATIN SMALL LETTER O
1010,f,LATIN SMALL LETTER F
1011,n̪,LATIN SMALL LETTER N - COMBINING BRIDGE BELOW
1012,v,LATIN SMALL LETTER V
1013,iː,LATIN SMALL LETTER I - MODIFIER LETTER TRIANGULAR COLON
1014,uː,LATIN SMALL LETTER U - MODIFIER LETTER TRIANGULAR COLON
1015,s,LATIN SMALL LETTER S
1016,f,LATIN SMALL LETTER F
1017,o,LATIN SMALL LETTER O
1018,eː,LATIN SMALL LETTER E - MODIFIER LETTER TRIANGULAR COLON
1019,p,LATIN SMALL LETTER P
1020,ʃ,LATIN SMALL LETTER ESH
1021,ʒ,LATIN SMALL LETTER EZH
1022,ʔ,LATIN LETTER GLOTTAL STOP
1023,f,LATIN SMALL LETTER F
1024,h,LATIN SMALL LETTER H
1025,s,LATIN SMALL LETTER S
1026,v,LATIN SMALL LETTER V
1027,x,LATIN SMALL LETTER X
1028,z,LATIN SMALL LETTER Z
1029,ʎ,LATIN SMALL LETTER TURNED Y
1030,ʃ,LATIN SMALL LETTER ESH
1031,v,LATIN SMALL LETTER V
1032,z,LATIN SMALL LETTER Z
1033,ʒ,LATIN SMALL LETTER EZH
1034,ð,LATIN SMALL LETTER ETH
1035,n̠d̠ʒ,LATIN SMALL LETTER N - COMBINING MINUS SIGN BELOW - LATIN SMALL LETTER D - COMBINING MINUS SIGN BELOW - LATIN SMALL LETTER EZH
1036,ʃ,LATIN SMALL LETTER ESH
1037,t̪,LATIN SMALL LETTER T - COMBINING BRIDGE BELOW
1038,ʒ,LATIN SMALL LETTER EZH
1039,θ,GREEK SMALL LETTER THETA
1040,d̠ʒ,LATIN SMALL LETTER D - COMBINING MINUS SIGN BELOW - LATIN SMALL LETTER EZH
1041,ʃ,LATIN SMALL LETTER ESH
1042,t̠ʃ,LATIN SMALL LETTER T - COMBINING MINUS SIGN BELOW - LATIN SMALL LETTER ESH
1043,ʔ,LATIN LETTER GLOTTAL STOP
1044,p,LATIN SMALL LETTER P
1045,ʃ,LATIN SMALL LETTER ESH
1046,v,LATIN SMALL LETTER V
1047,z,LATIN SMALL LETTER Z
1048,ʒ,LATIN SMALL LETTER EZH
1049,l̪ˤ,LATIN SMALL LETTER L - COMBINING BRIDGE BELOW - MODIFIER LETTER SMALL REVERSED GLOTTAL STOP
1050,n̪ˤ,LATIN SMALL LETTER N - COMBINING BRIDGE BELOW - MODIFIER LETTER SMALL REVERSED GLOTTAL STOP
1051,ʕ,LATIN LETTER PHARYNGEAL VOICED FRICATIVE
1052,kp,LATIN SMALL LETTER K - LATIN SMALL LETTER P
1053,ŋmɡb,LATIN SMALL LETTER ENG - LATIN SMALL LETTER M - LATIN SMALL LETTER SCRIPT G - LATIN SMALL LETTER B
1054,ŋmkp,LATIN SMALL LETTER ENG - LATIN SMALL LETTER M - LATIN SMALL LETTER K - LATIN SMALL LETTER P
1055,p,LATIN SMALL LETTER P
1056,ua,LATIN SMALL LETTER U - LATIN SMALL LETTER A
1057,d̠ʒ,LATIN SMALL LETTER D - COMBINING MINUS SIGN BELOW - LATIN SMALL LETTER EZH
1058,f,LATIN SMALL LETTER F
1059,t̠ʃ,LATIN SMALL LETTER T - COMBINING MINUS SIGN BELOW - LATIN SMALL LETTER ESH
1060,v,LATIN SMALL LETTER V
1061,h,LATIN SMALL LETTER H
1062,r,LATIN SMALL LETTER R
1063,v,LATIN SMALL LETTER V
1064,z,LATIN SMALL LETTER Z
1065,f,LATIN SMALL LETTER F
1066,h,LATIN SMALL LETTER H
1067,z,LATIN SMALL LETTER Z
1068,f,LATIN SMALL LETTER F
1069,h,LATIN SMALL LETTER H
1070,ʃ,LATIN SMALL LETTER ESH
1071,z,LATIN SMALL LETTER Z
1072,pʰ,LATIN SMALL LETTER P - MODIFIER LETTER SMALL H
1073,t̪ʼ,LATIN SMALL LETTER T - COMBINING BRIDGE BELOW - MODIFIER LETTER APOSTROPHE
1074,p,LATIN SMALL LETTER P
1075,f,LATIN SMALL LETTER F
1076,h,LATIN SMALL LETTER H
1077,d̠ʒ,LATIN SMALL LETTER D - COMBINING MINUS SIGN BELOW - LATIN SMALL LETTER EZH
1078,e,LATIN SMALL LETTER E
1079,f,LATIN SMALL LETTER F
1080,o,LATIN SMALL LETTER O
1081,ɾ,LATIN SMALL LETTER R WITH FISHHOOK
1082,t̠ʃ,LATIN SMALL LETTER T - COMBINING MINUS SIGN BELOW - LATIN SMALL LETTER ESH
1083,v,LATIN SMALL LETTER V
1084,ŋ,LATIN SMALL LETTER ENG
1085,ʔ,LATIN LETTER GLOTTAL STOP
1086,b,LATIN SMALL LETTER B
1087,h,LATIN SMALL LETTER H
1088,m,LATIN SMALL LETTER M
1089,p,LATIN SMALL LETTER P
1090,s,LATIN SMALL LETTER S
1091,t,LATIN SMALL LETTER T
1092,d̠ʒ,LATIN SMALL LETTER D - COMBINING MINUS SIGN BELOW - LATIN SMALL LETTER EZH
1093,ɡʷ,LATIN SMALL LETTER SCRIPT G - MODIFIER LETTER SMALL W
1094,f,LATIN SMALL LETTER F
1095,r,LATIN SMALL LETTER R
1096,f,LATIN SMALL LETTER F
1097,ɡ,LATIN SMALL LETTER SCRIPT G
1098,p,LATIN SMALL LETTER P
1099,ts,LATIN SMALL LETTER T - LATIN SMALL LETTER S
1100,d̠ʒ,LATIN SMALL LETTER D - COMBINING MINUS SIGN BELOW - LATIN SMALL LETTER EZH
1101,ɡ,LATIN SMALL LETTER SCRIPT G
1102,ɾ,LATIN SMALL LETTER R WITH FISHHOOK
1103,t̠ʃ,LATIN SMALL LETTER T - COMBINING MINUS SIGN BELOW - LATIN SMALL LETTER ESH
1104,y,LATIN SMALL LETTER Y
1105,ai,LATIN SMALL LETTER A - LATIN SMALL LETTER I
1106,d̠ʒ,LATIN SMALL LETTER D - COMBINING MINUS SIGN BELOW - LATIN SMALL LETTER EZH
1107,f,LATIN SMALL LETTER F
1108,l,LATIN SMALL LETTER L
1109,ŋ,LATIN SMALL LETTER ENG
1110,s,LATIN SMALL LETTER S
1111,ɡ,LATIN SMALL LETTER SCRIPT G
1112,ʎ,LATIN SMALL LETTER TURNED Y
1113,ɲ,LATIN SMALL LETTER N WITH LEFT HOOK
1114,ʃ,LATIN SMALL LETTER ESH
1115,v,LATIN SMALL LETTER V
1116,w,LATIN SMALL LETTER W
1117,z,LATIN SMALL LETTER Z
1118,d̠ʒ,LATIN SMALL LETTER D - COMBINING MINUS SIGN BELOW - LATIN SMALL LETTER EZH
1119,h,LATIN SMALL LETTER H
1120,t̠ʃ,LATIN SMALL LETTER T - COMBINING MINUS SIGN BELOW - LATIN SMALL LETTER ESH
1121,d,LATIN SMALL LETTER D
1122,f,LATIN SMALL LETTER F
1123,f,LATIN SMALL LETTER F
1124,ɲ,LATIN SMALL LETTER N WITH LEFT HOOK
1125,ʃ,LATIN SMALL LETTER ESH
1126,v,LATIN SMALL LETTER V
1127,z,LATIN SMALL LETTER Z
1128,f,LATIN SMALL LETTER F
1129,h,LATIN SMALL LETTER H
1130,t̠ʃ,LATIN SMALL LETTER T - COMBINING MINUS SIGN BELOW - LATIN SMALL LETTER ESH
1131,v,LATIN SMALL LETTER V
1132,j,LATIN SMALL LETTER J
1133,h,LATIN SMALL LETTER H
1134,w,LATIN SMALL LETTER W
1135,e,LATIN SMALL LETTER E
1136,s,LATIN SMALL LETTER S
1137,f,LATIN SMALL LETTER F
1138,h,LATIN SMALL LETTER H
1139,x,LATIN SMALL LETTER X
1140,z,LATIN SMALL LETTER Z
1141,d̠ʒ,LATIN SMALL LETTER D - COMBINING MINUS SIGN BELOW - LATIN SMALL LETTER EZH
1142,d̠ʒ,LATIN SMALL LETTER D - COMBINING MINUS SIGN BELOW - LATIN SMALL LETTER EZH
1143,f,LATIN SMALL LETTER F
1144,d̠ʒ,LATIN SMALL LETTER D - COMBINING MINUS SIGN BELOW - LATIN SMALL LETTER EZH
1145,t̠ʃ,LATIN SMALL LETTER T - COMBINING MINUS SIGN BELOW - LATIN SMALL LETTER ESH
1146,d̠ʒ,LATIN SMALL LETTER D - COMBINING MINUS SIGN BELOW - LATIN SMALL LETTER EZH
1147,e,LATIN SMALL LETTER E
1148,f,LATIN SMALL LETTER F
1149,ʎ,LATIN SMALL LETTER TURNED Y
1150,ɲ,LATIN SMALL LETTER N WITH LEFT HOOK
1151,o,LATIN SMALL LETTER O
1152,ʃ,LATIN SMALL LETTER ESH
1153,t̠ʃ,LATIN SMALL LETTER T - COMBINING MINUS SIGN BELOW - LATIN SMALL LETTER ESH
1154,v,LATIN SMALL LETTER V
1155,z,LATIN SMALL LETTER Z
1156,ʒ,LATIN SMALL LETTER EZH
1157,d̠ʒ,LATIN SMALL LETTER D - COMBINING MINUS SIGN BELOW - LATIN SMALL LETTER EZH
1158,ɣ,LATIN SMALL LETTER GAMMA
1159,t̠ʃ,LATIN SMALL LETTER T - COMBINING MINUS SIGN BELOW - LATIN SMALL LETTER ESH
1160,e,LATIN SMALL LETTER E
1161,l,LATIN SMALL LETTER L
1162,o,LATIN SMALL LETTER O
1163,v,LATIN SMALL LETTER V
1164,w,LATIN SMALL LETTER W
1165,d̠ʒ,LATIN SMALL LETTER D - COMBINING MINUS SIGN BELOW - LATIN SMALL LETTER EZH
1166,j,LATIN SMALL LETTER J
1167,t̠ʃ,LATIN SMALL LETTER T - COMBINING MINUS SIGN BELOW - LATIN SMALL LETTER ESH
1168,n̠t̠ʃ,LATIN SMALL LETTER N - COMBINING MINUS SIGN BELOW - LATIN SMALL LETTER T - COMBINING MINUS SIGN BELOW - LATIN SMALL LETTER ESH
1169,t̠ʃ,LATIN SMALL LETTER T - COMBINING MINUS SIGN BELOW - LATIN SMALL LETTER ESH
1170,b,LATIN SMALL LETTER B
1171,d̠ʒ,LATIN SMALL LETTER D - COMBINING MINUS SIGN BELOW - LATIN SMALL LETTER EZH
1172,v,LATIN SMALL LETTER V
1173,l,LATIN SMALL LETTER L
1174,ʟ,LATIN LETTER SMALL CAPITAL L
1175,n̠d̠ʒ,LATIN SMALL LETTER N - COMBINING MINUS SIGN BELOW - LATIN SMALL LETTER D - COMBINING MINUS SIGN BELOW - LATIN SMALL LETTER EZH
1176,t̠ʃ,LATIN SMALL LETTER T - COMBINING MINUS SIGN BELOW - LATIN SMALL LETTER ESH
1177,l,LATIN SMALL LETTER L
1178,l,LATIN SMALL LETTER L
1179,f,LATIN SMALL LETTER F
1180,p,LATIN SMALL LETTER P
1181,t̠ʃ,LATIN SMALL LETTER T - COMBINING MINUS SIGN BELOW - LATIN SMALL LETTER ESH
1182,l,LATIN SMALL LETTER L
1183,p,LATIN SMALL LETTER P
1184,d̠ʒ,LATIN SMALL LETTER D - COMBINING MINUS SIGN BELOW - LATIN SMALL LETTER EZH
1185,p,LATIN SMALL LETTER P
1186,t̠ʃ,LATIN SMALL LETTER T - COMBINING MINUS SIGN BELOW - LATIN SMALL LETTER ESH
1187,h,LATIN SMALL LETTER H
1188,r,LATIN SMALL LETTER R
1189,s,LATIN SMALL LETTER S
1190,ɲ,LATIN SMALL LETTER N WITH LEFT HOOK
1191,ʃ,LATIN SMALL LETTER ESH
1192,v,LATIN SMALL LETTER V
1193,z,LATIN SMALL LETTER Z
1194,ʒ,LATIN SMALL LETTER EZH
1195,d̠ʒ,LATIN SMALL LETTER D - COMBINING MINUS SIGN BELOW - LATIN SMALL LETTER EZH
1196,f,LATIN SMALL LETTER F
1197,r,LATIN SMALL LETTER R
1198,t̠ʃ,LATIN SMALL LETTER T - COMBINING MINUS SIGN BELOW - LATIN SMALL LETTER ESH
1199,w,LATIN SMALL LETTER W
1200,y,LATIN SMALL LETTER Y
1201,e,LATIN SMALL LETTER E
1202,r,LATIN SMALL LETTER R
1203,h,LATIN SMALL LETTER H
1204,z,LATIN SMALL LETTER Z
1205,d̠ʒ,LATIN SMALL LETTER D - COMBINING MINUS SIGN BELOW - LATIN SMALL LETTER EZH
1206,ɛ,LATIN SMALL LETTER OPEN E
1207,h,LATIN SMALL LETTER H
1208,o,LATIN SMALL LETTER O
1209,t̠ʃ,LATIN SMALL LETTER T - COMBINING MINUS SIGN BELOW - LATIN SMALL LETTER ESH
1210,h,LATIN SMALL LETTER H
1211,e,LATIN SMALL LETTER E
1212,o,LATIN SMALL LETTER O
1213,p,LATIN SMALL LETTER P
1214,f,LATIN SMALL LETTER F
1215,z,LATIN SMALL LETTER Z
1216,ʔ,LATIN LETTER GLOTTAL STOP
1217,f,LATIN SMALL LETTER F
1218,h,LATIN SMALL LETTER H
1219,r,LATIN SMALL LETTER R
1220,r,LATIN SMALL LETTER R
1221,s,LATIN SMALL LETTER S
1222,t̠ʃ,LATIN SMALL LETTER T - COMBINING MINUS SIGN BELOW - LATIN SMALL LETTER ESH
1223,e,LATIN SMALL LETTER E
1224,h,LATIN SMALL LETTER H
1225,ɔː,LATIN SMALL LETTER OPEN O - MODIFIER LETTER TRIANGULAR COLON
1226,l,LATIN SMALL LETTER L
1227,h,LATIN SMALL LETTER H
1228,mb,LATIN SMALL LETTER M - LATIN SMALL LETTER B
1229,f,LATIN SMALL LETTER F
1230,x,LATIN SMALL LETTER X
1231,f,LATIN SMALL LETTER F
1232,j,LATIN SMALL LETTER J
1233,ʔ,LATIN LETTER GLOTTAL STOP
1234,mb,LATIN SMALL LETTER M - LATIN SMALL LETTER B
1235,nd,LATIN SMALL LETTER N - LATIN SMALL LETTER D
1236,t̠ʃ,LATIN SMALL LETTER T - COMBINING MINUS SIGN BELOW - LATIN SMALL LETTER ESH
1237,v,LATIN SMALL LETTER V
1238,f,LATIN SMALL LETTER F
1239,h,LATIN SMALL LETTER H
1240,o,LATIN SMALL LETTER O
1241,j,LATIN SMALL LETTER J
1242,w,LATIN SMALL LETTER W
1243,ɡ,LATIN SMALL LETTER SCRIPT G
1244,h,LATIN SMALL LETTER H
1245,s,LATIN SMALL LETTER S
1246,d̠ʒ,LATIN SMALL LETTER D - COMBINING MINUS SIGN BELOW - LATIN SMALL LETTER EZH
1247,f,LATIN SMALL LETTER F
1248,ɲ,LATIN SMALL LETTER N WITH LEFT HOOK
1249,t̠ʃ,LATIN SMALL LETTER T - COMBINING MINUS SIGN BELOW - LATIN SMALL LETTER ESH
1250,v,LATIN SMALL LETTER V
1251,f,LATIN SMALL LETTER F
1252,q,LATIN SMALL LETTER Q
1253,ʃ,LATIN SMALL LETTER ESH
1254,z,LATIN SMALL LETTER Z
1255,r,LATIN SMALL LETTER R
1256,ʃ,LATIN SMALL LETTER ESH
1257,z,LATIN SMALL LETTER Z
1258,ʔ,LATIN LETTER GLOTTAL STOP
1259,b,LATIN SMALL LETTER B
1260,c,LATIN SMALL LETTER C
1261,ɡ,LATIN SMALL LETTER SCRIPT G
1262,ɟ,LATIN SMALL LETTER DOTLESS J WITH STROKE
1263,ŋ,LATIN SMALL LETTER ENG
1264,b,LATIN SMALL LETTER B
1265,c,LATIN SMALL LETTER C
1266,ɡ,LATIN SMALL LETTER SCRIPT G
1267,h,LATIN SMALL LETTER H
1268,ŋ,LATIN SMALL LETTER ENG
1269,j,LATIN SMALL LETTER J
1270,ɲ,LATIN SMALL LETTER N WITH LEFT HOOK
1271,t̠ʃ,LATIN SMALL LETTER T - COMBINING MINUS SIGN BELOW - LATIN SMALL LETTER ESH
1272,d̠ʒ,LATIN SMALL LETTER D - COMBINING MINUS SIGN BELOW - LATIN SMALL LETTER EZH
1273,f,LATIN SMALL LETTER F
1274,h,LATIN SMALL LETTER H
1275,j,LATIN SMALL LETTER J
1276,ʃ,LATIN SMALL LETTER ESH
1277,w,LATIN SMALL LETTER W
1278,z,LATIN SMALL LETTER Z
1279,d̠ʒ,LATIN SMALL LETTER D - COMBINING MINUS SIGN BELOW - LATIN SMALL LETTER EZH
1280,r,LATIN SMALL LETTER R
1281,h,LATIN SMALL LETTER H
1282,d̠ʒ,LATIN SMALL LETTER D - COMBINING MINUS SIGN BELOW - LATIN SMALL LETTER EZH
1283,f,LATIN SMALL LETTER F
1284,o,LATIN SMALL LETTER O
1285,t̠ʃ,LATIN SMALL LETTER T - COMBINING MINUS SIGN BELOW - LATIN SMALL LETTER ESH
1286,v,LATIN SMALL LETTER V
1287,z,LATIN SMALL LETTER Z
1288,h,LATIN SMALL LETTER H
1289,ɾ,LATIN SMALL LETTER R WITH FISHHOOK
1290,x,LATIN SMALL LETTER X
1291,ʔ,LATIN LETTER GLOTTAL STOP
1292,s,LATIN SMALL LETTER S
1293,d̠ʒ,LATIN SMALL LETTER D - COMBINING MINUS SIGN BELOW - LATIN SMALL LETTER EZH
1294,t̠ʃ,LATIN SMALL LETTER T - COMBINING MINUS SIGN BELOW - LATIN SMALL LETTER ESH
1295,c,LATIN SMALL LETTER C
1296,d̪,LATIN SMALL LETTER D - COMBINING BRIDGE BELOW
1297,j,LATIN SMALL LETTER J
1298,ɟ,LATIN SMALL LETTER DOTLESS J WITH STROKE
1299,d̠ʒ,LATIN SMALL LETTER D - COMBINING MINUS SIGN BELOW - LATIN SMALL LETTER EZH
1300,h,LATIN SMALL LETTER H
1301,k,LATIN SMALL LETTER K
1302,ʃ,LATIN SMALL LETTER ESH
1303,t̠ʃ,LATIN SMALL LETTER T - COMBINING MINUS SIGN BELOW - LATIN SMALL LETTER ESH
1304,d̠ʒ,LATIN SMALL LETTER D - COMBINING MINUS SIGN BELOW - LATIN SMALL LETTER EZH
1305,d̠ʒ,LATIN SMALL LETTER D - COMBINING MINUS SIGN BELOW - LATIN SMALL LETTER EZH
1306,n̠t̠ʃ,LATIN SMALL LETTER N - COMBINING MINUS SIGN BELOW - LATIN SMALL LETTER T - COMBINING MINUS SIGN BELOW - LATIN SMALL LETTER ESH
1307,d̠ʒ,LATIN SMALL LETTER D - COMBINING MINUS SIGN BELOW - LATIN SMALL LETTER EZH
1308,f,LATIN SMALL LETTER F
1309,ɲ,LATIN SMALL LETTER N WITH LEFT HOOK
1310,ŋ,LATIN SMALL LETTER ENG
1311,p,LATIN SMALL LETTER P
1312,t̠ʃ,LATIN SMALL LETTER T - COMBINING MINUS SIGN BELOW - LATIN SMALL LETTER ESH
1313,v,LATIN SMALL LETTER V
1314,z,LATIN SMALL LETTER Z
1315,f,LATIN SMALL LETTER F
1316,x,LATIN SMALL LETTER X
1317,d,LATIN SMALL LETTER D
1318,f,LATIN SMALL LETTER F
1319,p,LATIN SMALL LETTER P
1320,ɡ,LATIN SMALL LETTER SCRIPT G
1321,k,LATIN SMALL LETTER K
1322,l,LATIN SMALL LETTER L
1323,p,LATIN SMALL LETTER P
1324,d̠ʒ,LATIN SMALL LETTER D - COMBINING MINUS SIGN BELOW - LATIN SMALL LETTER EZH
1325,ɲ,LATIN SMALL LETTER N WITH LEFT HOOK
1326,t̠ʃ,LATIN SMALL LETTER T - COMBINING MINUS SIGN BELOW - LATIN SMALL LETTER ESH
1327,dz,LATIN SMALL LETTER D - LATIN SMALL LETTER Z
1328,h,LATIN SMALL LETTER H
1329,ts,LATIN SMALL LETTER T - LATIN SMALL LETTER S
1330,d̠ʒ,LATIN SMALL LETTER D - COMBINING MINUS SIGN BELOW - LATIN SMALL LETTER EZH
1331,f,LATIN SMALL LETTER F
1332,ɾ,LATIN SMALL LETTER R WITH FISHHOOK
1333,t̠ʃ,LATIN SMALL LETTER T - COMBINING MINUS SIGN BELOW - LATIN SMALL LETTER ESH
1334,v,LATIN SMALL LETTER V
1335,e,LATIN SMALL LETTER E
1336,h,LATIN SMALL LETTER H
1337,o,LATIN SMALL LETTER O
1338,r,LATIN SMALL LETTER R
1339,t̠ʃ,LATIN SMALL LETTER T - COMBINING MINUS SIGN BELOW - LATIN SMALL LETTER ESH
1340,f,LATIN SMALL LETTER F
1341,r,LATIN SMALL LETTER R
1342,z,LATIN SMALL LETTER Z
1343,ʡ,LATIN LETTER GLOTTAL STOP WITH STROKE
1344,h,LATIN SMALL LETTER H
1345,t̠ʃ,LATIN SMALL LETTER T - COMBINING MINUS SIGN BELOW - LATIN SMALL LETTER ESH
1346,b,LATIN SMALL LETTER B
1347,d,LATIN SMALL LETTER D
1348,r,LATIN SMALL LETTER R
1349,b,LATIN SMALL LETTER B
1350,ɾ,LATIN SMALL LETTER R WITH FISHHOOK
1351,s,LATIN SMALL LETTER S
1352,b,LATIN SMALL LETTER B
1353,d,LATIN SMALL LETTER D
1354,ɡ,LATIN SMALL LETTER SCRIPT G
1355,ɟ,LATIN SMALL LETTER DOTLESS J WITH STROKE
1356,b,LATIN SMALL LETTER B
1357,d,LATIN SMALL LETTER D
1358,ɡ,LATIN SMALL LETTER SCRIPT G
1359,u,LATIN SMALL LETTER U
1360,z,LATIN SMALL LETTER Z
1361,b,LATIN SMALL LETTER B
1362,dz,LATIN SMALL LETTER D - LATIN SMALL LETTER Z
1363,ɛ,LATIN SMALL LETTER OPEN E
1364,ɡ,LATIN SMALL LETTER SCRIPT G
1365,h,LATIN SMALL LETTER H
1366,kʰ,LATIN SMALL LETTER K - MODIFIER LETTER SMALL H
1367,ɔ,LATIN SMALL LETTER OPEN O
1368,pʰ,LATIN SMALL LETTER P - MODIFIER LETTER SMALL H
1369,tɕ,LATIN SMALL LETTER T - LATIN SMALL LETTER C WITH CURL
1370,tʰ,LATIN SMALL LETTER T - MODIFIER LETTER SMALL H
1371,tsʰ,LATIN SMALL LETTER T - LATIN SMALL LETTER S - MODIFIER LETTER SMALL H
1372,ə,LATIN SMALL LETTER SCHWA
1373,f,LATIN SMALL LETTER F
1374,h,LATIN SMALL LETTER H
1375,h,LATIN SMALL LETTER H
1376,k,LATIN SMALL LETTER K
1377,ɹ,LATIN SMALL LETTER TURNED R
1378,c,LATIN SMALL LETTER C
1379,f,LATIN SMALL LETTER F
1380,h,LATIN SMALL LETTER H
1381,ɟ,LATIN SMALL LETTER DOTLESS J WITH STROKE
1382,r,LATIN SMALL LETTER R
1383,d̠ʒ,LATIN SMALL LETTER D - COMBINING MINUS SIGN BELOW - LATIN SMALL LETTER EZH
1384,ɡ,LATIN SMALL LETTER SCRIPT G
1385,ŋ,LATIN SMALL LETTER ENG
1386,p,LATIN SMALL LETTER P
1387,t̠ʃ,LATIN SMALL LETTER T - COMBINING MINUS SIGN BELOW - LATIN SMALL LETTER ESH
1388,b,LATIN SMALL LETTER B
1389,l,LATIN SMALL LETTER L
1390,t̠ʃ,LATIN SMALL LETTER T - COMBINING MINUS SIGN BELOW - LATIN SMALL LETTER ESH
1391,f,LATIN SMALL LETTER F
1392,ɡ,LATIN SMALL LETTER SCRIPT G
1393,ŋ,LATIN SMALL LETTER ENG
1394,s,LATIN SMALL LETTER S
1395,h,LATIN SMALL LETTER H
1396,f,LATIN SMALL LETTER F
1397,v,LATIN SMALL LETTER V
1398,z,LATIN SMALL LETTER Z
1399,h,LATIN SMALL LETTER H
1400,h,LATIN SMALL LETTER H
1401,t̠ʃ,LATIN SMALL LETTER T - COMBINING MINUS SIGN BELOW - LATIN SMALL LETTER ESH
1402,l,LATIN SMALL LETTER L
1403,ɸ,LATIN SMALL LETTER PHI
1404,z,LATIN SMALL LETTER Z
1405,θ,GREEK SMALL LETTER THETA
1406,d̠ʒ,LATIN SMALL LETTER D - COMBINING MINUS SIGN BELOW - LATIN SMALL LETTER EZH
1407,ɡ,LATIN SMALL LETTER SCRIPT G
1408,ŋ,LATIN SMALL LETTER ENG
1409,p,LATIN SMALL LETTER P
1410,t̠ʃ,LATIN SMALL LETTER T - COMBINING MINUS SIGN BELOW - LATIN SMALL LETTER ESH
1411,ɡ,LATIN SMALL LETTER SCRIPT G
1412,ʎ,LATIN SMALL LETTER TURNED Y
1413,ɲ,LATIN SMALL LETTER N WITH LEFT HOOK
1414,p,LATIN SMALL LETTER P
1415,r,LATIN SMALL LETTER R
1416,ʃ,LATIN SMALL LETTER ESH
1417,v,LATIN SMALL LETTER V
1418,z,LATIN SMALL LETTER Z
1419,ʒ,LATIN SMALL LETTER EZH
1420,ə,LATIN SMALL LETTER SCHWA
1421,ʔ,LATIN LETTER GLOTTAL STOP
1422,ʕ,LATIN LETTER PHARYNGEAL VOICED FRICATIVE
1423,ɾ,LATIN SMALL LETTER R WITH FISHHOOK
1424,c,LATIN SMALL LETTER C
1425,d̠ʒ,LATIN SMALL LETTER D - COMBINING MINUS SIGN BELOW - LATIN SMALL LETTER EZH
1426,h,LATIN SMALL LETTER H
1427,j,LATIN SMALL LETTER J
1428,p,LATIN SMALL LETTER P
1429,ʃ,LATIN SMALL LETTER ESH
1430,f,LATIN SMALL LETTER F
1431,j,LATIN SMALL LETTER J
1432,s,LATIN SMALL LETTER S
1433,t̠ʃ,LATIN SMALL LETTER T - COMBINING MINUS SIGN BELOW - LATIN SMALL LETTER ESH
1434,f,LATIN SMALL LETTER F
1435,h,LATIN SMALL LETTER H
1436,q,LATIN SMALL LETTER Q
1437,t̠ʃ,LATIN SMALL LETTER T - COMBINING MINUS SIGN BELOW - LATIN SMALL LETTER ESH
1438,v,LATIN SMALL LETTER V
1439,x,LATIN SMALL LETTER X
1440,z,LATIN SMALL LETTER Z
1441,d̠ʒ,LATIN SMALL LETTER D - COMBINING MINUS SIGN BELOW - LATIN SMALL LETTER EZH
1442,ɾ,LATIN SMALL LETTER R WITH FISHHOOK
1443,ʔ,LATIN LETTER GLOTTAL STOP
1444,b,LATIN SMALL LETTER B
1445,d,LATIN SMALL LETTER D
1446,b,LATIN SMALL LETTER B
1447,d,LATIN SMALL LETTER D
1448,d̠ʒ,LATIN SMALL LETTER D - COMBINING MINUS SIGN BELOW - LATIN SMALL LETTER EZH
1449,n̺d̺z̺,LATIN SMALL LETTER N - COMBINING INVERTED BRIDGE BELOW - LATIN SMALL LETTER D - COMBINING INVERTED BRIDGE BELOW - LATIN SMALL LETTER Z - COMBINING INVERTED BRIDGE BELOW
1450,t̠ʃ,LATIN SMALL LETTER T - COMBINING MINUS SIGN BELOW - LATIN SMALL LETTER ESH
1451,l,LATIN SMALL LETTER L
1452,e,LATIN SMALL LETTER E
1453,ɛ,LATIN SMALL LETTER OPEN E
1454,kʰ,LATIN SMALL LETTER K - MODIFIER LETTER SMALL H
1455,o,LATIN SMALL LETTER O
1456,ɔ,LATIN SMALL LETTER OPEN O
1457,pʰ,LATIN SMALL LETTER P - MODIFIER LETTER SMALL H
1458,tʰ,LATIN SMALL LETTER T - MODIFIER LETTER SMALL H
1459,t̠ʃʰ,LATIN SMALL LETTER T - COMBINING MINUS SIGN BELOW - LATIN SMALL LETTER ESH - MODIFIER LETTER SMALL H
1460,k,LATIN SMALL LETTER K
1461,ʊ,LATIN SMALL LETTER UPSILON
1462,ʎ,LATIN SMALL LETTER TURNED Y
1463,ɲ,LATIN SMALL LETTER N WITH LEFT HOOK
1464,r,LATIN SMALL LETTER R
1465,ʃ,LATIN SMALL LETTER ESH
1466,v,LATIN SMALL LETTER V
1467,z,LATIN SMALL LETTER Z
1468,ʒ,LATIN SMALL LETTER EZH
1469,b,LATIN SMALL LETTER B
1470,f,LATIN SMALL LETTER F
1471,ɡ,LATIN SMALL LETTER SCRIPT G
1472,n̠d̠ʒ,LATIN SMALL LETTER N - COMBINING MINUS SIGN BELOW - LATIN SMALL LETTER D - COMBINING MINUS SIGN BELOW - LATIN SMALL LETTER EZH
1473,t̠ʃ,LATIN SMALL LETTER T - COMBINING MINUS SIGN BELOW - LATIN SMALL LETTER ESH
1474,d̠ʒ,LATIN SMALL LETTER D - COMBINING MINUS SIGN BELOW - LATIN SMALL LETTER EZH
1475,ɡ,LATIN SMALL LETTER SCRIPT G
1476,l,LATIN SMALL LETTER L
1477,ə,LATIN SMALL LETTER SCHWA
1478,ɲ,LATIN SMALL LETTER N WITH LEFT HOOK
1479,b,LATIN SMALL LETTER B
1480,d,LATIN SMALL LETTER D
1481,f,LATIN SMALL LETTER F
1482,j,LATIN SMALL LETTER J
1483,ɲ,LATIN SMALL LETTER N WITH LEFT HOOK
1484,ɲɟ,LATIN SMALL LETTER N WITH LEFT HOOK - LATIN SMALL LETTER DOTLESS J WITH STROKE
1485,z,LATIN SMALL LETTER Z
1486,ə,LATIN SMALL LETTER SCHWA
1487,n̠d̠ʒ,LATIN SMALL LETTER N - COMBINING MINUS SIGN BELOW - LATIN SMALL LETTER D - COMBINING MINUS SIGN BELOW - LATIN SMALL LETTER EZH
1488,ʔ,LATIN LETTER GLOTTAL STOP
1489,k,LATIN SMALL LETTER K
1490,β,GREEK SMALL LETTER BETA
1491,h,LATIN SMALL LETTER H
1492,d̠ʒ,LATIN SMALL LETTER D - COMBINING MINUS SIGN BELOW - LATIN SMALL LETTER EZH
1493,h,LATIN SMALL LETTER H
1494,l,LATIN SMALL LETTER L
1495,r,LATIN SMALL LETTER R
1496,s,LATIN SMALL LETTER S
1497,r,LATIN SMALL LETTER R
1498,s,LATIN SMALL LETTER S
1499,ɡ,LATIN SMALL LETTER SCRIPT G
1500,e,LATIN SMALL LETTER E
1501,o,LATIN SMALL LETTER O
1502,x,LATIN SMALL LETTER X
1503,d,LATIN SMALL LETTER D
1504,e,LATIN SMALL LETTER E
1505,o,LATIN SMALL LETTER O
1506,z,LATIN SMALL LETTER Z
1507,ɾ,LATIN SMALL LETTER R WITH FISHHOOK
1508,ʒ,LATIN SMALL LETTER EZH
1509,ɡ,LATIN SMALL LETTER SCRIPT G
1510,mp,LATIN SMALL LETTER M - LATIN SMALL LETTER P
1511,p,LATIN SMALL LETTER P
1512,aː,LATIN SMALL LETTER A - MODIFIER LETTER TRIANGULAR COLON
1513,p,LATIN SMALL LETTER P
1514,pʼ,LATIN SMALL LETTER P - MODIFIER LETTER APOSTROPHE
1515,h,LATIN SMALL LETTER H
1516,p,LATIN SMALL LETTER P
1517,d̠ʒ,LATIN SMALL LETTER D - COMBINING MINUS SIGN BELOW - LATIN SMALL LETTER EZH
1518,ə,LATIN SMALL LETTER SCHWA
1519,t̠ʃ,LATIN SMALL LETTER T - COMBINING MINUS SIGN BELOW - LATIN SMALL LETTER ESH
1520,v,LATIN SMALL LETTER V
1521,z,LATIN SMALL LETTER Z
1522,b,LATIN SMALL LETTER B
1523,d,LATIN SMALL LETTER D
1524,e,LATIN SMALL LETTER E
1525,f,LATIN SMALL LETTER F
1526,ɡ,LATIN SMALL LETTER SCRIPT G
1527,o,LATIN SMALL LETTER O
1528,p,LATIN SMALL LETTER P
1529,d̠ʒ,LATIN SMALL LETTER D - COMBINING MINUS SIGN BELOW - LATIN SMALL LETTER EZH
1530,ʃ,LATIN SMALL LETTER ESH
1531,t̠ʃ,LATIN SMALL LETTER T - COMBINING MINUS SIGN BELOW - LATIN SMALL LETTER ESH
1532,p,LATIN SMALL LETTER P
1533,pʷʼ,LATIN SMALL LETTER P - MODIFIER LETTER SMALL W - MODIFIER LETTER APOSTROPHE
1534,pʼ,LATIN SMALL LETTER P - MODIFIER LETTER APOSTROPHE
1535,ɛ,LATIN SMALL LETTER OPEN E
1536,h,LATIN SMALL LETTER H
1537,ɡ,LATIN SMALL LETTER SCRIPT G
1538,h,LATIN SMALL LETTER H
1539,ɡ,LATIN SMALL LETTER SCRIPT G
1540,ŋ,LATIN SMALL LETTER ENG
1541,o,LATIN SMALL LETTER O
1542,r,LATIN SMALL LETTER R
1543,ĩ,LATIN SMALL LETTER I - COMBINING TILDE
1544,b,LATIN SMALL LETTER B
1545,ɡ,LATIN SMALL LETTER SCRIPT G
1546,ʒ,LATIN SMALL LETTER EZH
1547,ɾ,LATIN SMALL LETTER R WITH FISHHOOK
1548,b,LATIN SMALL LETTER B
1549,d,LATIN SMALL LETTER D
1550,e,LATIN SMALL LETTER E
1551,f,LATIN SMALL LETTER F
1552,ɡ,LATIN SMALL LETTER SCRIPT G
1553,o,LATIN SMALL LETTER O
1554,b,LATIN SMALL LETTER B
1555,d,LATIN SMALL LETTER D
1556,f,LATIN SMALL LETTER F
1557,s,LATIN SMALL LETTER S
1558,d,LATIN SMALL LETTER D
1559,s,LATIN SMALL LETTER S
1560,b,LATIN SMALL LETTER B
1561,f,LATIN SMALL LETTER F
1562,b,LATIN SMALL LETTER B
1563,d,LATIN SMALL LETTER D
1564,f,LATIN SMALL LETTER F
1565,h,LATIN SMALL LETTER H
1566,s,LATIN SMALL LETTER S
1567,v,LATIN SMALL LETTER V
1568,l,LATIN SMALL LETTER L
1569,ai,LATIN SMALL LETTER A - LATIN SMALL LETTER I
1570,au,LATIN SMALL LETTER A - LATIN SMALL LETTER U
1571,ɑ,LATIN SMALL LETTER ALPHA
1572,b,LATIN SMALL LETTER B
1573,d,LATIN SMALL LETTER D
1574,ð,LATIN SMALL LETTER ETH
1575,ðˠ,LATIN SMALL LETTER ETH - MODIFIER LETTER SMALL GAMMA
1576,d̠ʒ,LATIN SMALL LETTER D - COMBINING MINUS SIGN BELOW - LATIN SMALL LETTER EZH
1577,ɣ,LATIN SMALL LETTER GAMMA
1578,ħ,LATIN SMALL LETTER H WITH STROKE
1579,q,LATIN SMALL LETTER Q
1580,sˠ,LATIN SMALL LETTER S - MODIFIER LETTER SMALL GAMMA
1581,tˠ,LATIN SMALL LETTER T - MODIFIER LETTER SMALL GAMMA
1582,x,LATIN SMALL LETTER X
1583,ʕ,LATIN LETTER PHARYNGEAL VOICED FRICATIVE
1584,θ,GREEK SMALL LETTER THETA
1585,ʜ,LATIN LETTER SMALL CAPITAL H
1586,ʡ,LATIN LETTER GLOTTAL STOP WITH STROKE
1587,h,LATIN SMALL LETTER H
1588,s,LATIN SMALL LETTER S
1589,æ,LATIN SMALL LETTER AE
1590,ɒ,LATIN SMALL LETTER TURNED ALPHA
1591,p,LATIN SMALL LETTER P
1592,v,LATIN SMALL LETTER V
1593,ɪ,LATIN LETTER SMALL CAPITAL I
1594,æ,LATIN SMALL LETTER AE
1595,f,LATIN SMALL LETTER F
1596,ʃ,LATIN SMALL LETTER ESH
1597,v,LATIN SMALL LETTER V
1598,z,LATIN SMALL LETTER Z
1599,ɖ,LATIN SMALL LETTER D WITH TAIL
1600,ɖʰ,LATIN SMALL LETTER D WITH TAIL - MODIFIER LETTER SMALL H
1601,ʈ,LATIN SMALL LETTER T WITH RETROFLEX HOOK
1602,ʈʰ,LATIN SMALL LETTER T WITH RETROFLEX HOOK - MODIFIER LETTER SMALL H
1603,f,LATIN SMALL LETTER F
1604,ħ,LATIN SMALL LETTER H WITH STROKE
1605,q,LATIN SMALL LETTER Q
1606,ʕ,LATIN LETTER PHARYNGEAL VOICED FRICATIVE
1607,f,LATIN SMALL LETTER F
1608,ɣ,LATIN SMALL LETTER GAMMA
1609,q,LATIN SMALL LETTER Q
1610,ʃ,LATIN SMALL LETTER ESH
1611,z,LATIN SMALL LETTER Z
1612,χ,GREEK SMALL LETTER CHI
1613,ʃ,LATIN SMALL LETTER ESH
1614,æ̃ː,LATIN SMALL LETTER AE - COMBINING TILDE - MODIFIER LETTER TRIANGULAR COLON
1615,ɑ̃ː,LATIN SMALL LETTER ALPHA - COMBINING TILDE - MODIFIER LETTER TRIANGULAR COLON
1616,o,LATIN SMALL LETTER O
1617,oː,LATIN SMALL LETTER O - MODIFIER LETTER TRIANGULAR COLON
1618,œ̃ː,LATIN SMALL LIGATURE OE - COMBINING TILDE - MODIFIER LETTER TRIANGULAR COLON
1619,ɔ̃ː,LATIN SMALL LETTER OPEN O - COMBINING TILDE - MODIFIER LETTER TRIANGULAR COLON
1620,y,LATIN SMALL LETTER Y
1621,ʒ,LATIN SMALL LETTER EZH
1622,h,LATIN SMALL LETTER H
1623,p,LATIN SMALL LETTER P
1624,b,LATIN SMALL LETTER B
1625,f,LATIN SMALL LETTER F
1626,ɟ,LATIN SMALL LETTER DOTLESS J WITH STROKE
1627,k,LATIN SMALL LETTER K
1628,kp,LATIN SMALL LETTER K - LATIN SMALL LETTER P
1629,p,LATIN SMALL LETTER P
1630,r,LATIN SMALL LETTER R
1631,t,LATIN SMALL LETTER T
1632,ɡ,LATIN SMALL LETTER SCRIPT G
1633,h,LATIN SMALL LETTER H
1634,f,LATIN SMALL LETTER F
1635,ɡ,LATIN SMALL LETTER SCRIPT G
1636,j,LATIN SMALL LETTER J
1637,z,LATIN SMALL LETTER Z
1638,ɡ,LATIN SMALL LETTER SCRIPT G
1639,f,LATIN SMALL LETTER F
1640,ɣ,LATIN SMALL LETTER GAMMA
1641,q,LATIN SMALL LETTER Q
1642,z,LATIN SMALL LETTER Z
1643,χ,GREEK SMALL LETTER CHI
1644,æ,LATIN SMALL LETTER AE
1645,f,LATIN SMALL LETTER F
1646,l,LATIN SMALL LETTER L
1647,ə,LATIN SMALL LETTER SCHWA
1648,b,LATIN SMALL LETTER B
1649,d,LATIN SMALL LETTER D
1650,e,LATIN SMALL LETTER E
1651,f,LATIN SMALL LETTER F
1652,ɡ,LATIN SMALL LETTER SCRIPT G
1653,h,LATIN SMALL LETTER H
1654,o,LATIN SMALL LETTER O
1655,r,LATIN SMALL LETTER R
1656,ɡb,LATIN SMALL LETTER SCRIPT G - LATIN SMALL LETTER B
1657,kp,LATIN SMALL LETTER K - LATIN SMALL LETTER P
1658,mbʷ,LATIN SMALL LETTER M - LATIN SMALL LETTER B - MODIFIER LETTER SMALL W
1659,ŋɡʷ,LATIN SMALL LETTER ENG - LATIN SMALL LETTER SCRIPT G - MODIFIER LETTER SMALL W
1660,ɾ,LATIN SMALL LETTER R WITH FISHHOOK
1661,j,LATIN SMALL LETTER J
1662,ɹ,LATIN SMALL LETTER TURNED R
1663,ɾ,LATIN SMALL LETTER R WITH FISHHOOK
1664,ɡ,LATIN SMALL LETTER SCRIPT G
1665,r,LATIN SMALL LETTER R
1666,r,LATIN SMALL LETTER R
